32151	4.9840	-10.7700	4.9732	107.3000	534.0000
32254	4.9840	-10.6800	4.9733	110.2000	616.0000
32357	4.9840	-12.0200	4.9720	107.3000	534.0000
32460	4.9800	-10.7200	4.9693	107.4000	536.0000
32563	4.9840	-10.8000	4.9732	107.8000	536.0000
32666	4.9880	-10.7600	4.9772	107.6000	536.0000
32769	4.9840	-10.7300	4.9733	106.6000	532.0000
32872	4.9880	-10.7500	4.9773	107.6000	536.0000
32975	4.9840	-10.7600	4.9732	107.8000	537.0000
33078	4.9800	-10.7500	4.9693	107.2000	534.0000
33181	4.9720	-12.1100	4.9599	107.6000	536.0000
33284	4.9840	-10.7600	4.9732	107.0000	532.0000
33387	4.9840	-10.7700	4.9732	107.6000	536.0000
33490	4.9760	-11.9900	4.9640	124.2000	618.0000
33593	4.9800	-10.7600	4.9692	107.7000	537.0000
33696	4.9840	-10.8600	4.9731	116.2000	542.0000
33799	4.9840	-11.3800	4.9726	119.8000	596.0000
33902	4.9840	-10.8500	4.9732	107.8000	536.0000
34005	4.9800	-10.7300	4.9693	116.8000	582.0000
34108	4.9840	-10.8700	4.9731	107.1000	534.0000
34211	4.9840	-10.7600	4.9732	107.5000	573.0000
34314	4.9840	-10.7500	4.9733	107.4000	534.0000
34417	4.9840	-10.7900	4.9732	107.7000	537.0000
34520	4.9840	-10.8100	4.9732	108.2000	539.0000
34623	4.9880	-11.5200	4.9765	107.6000	536.0000
34726	4.9840	-10.7600	4.9732	106.7000	532.0000
34829	4.9840	-11.4400	4.9726	107.5000	603.0000
34932	4.9800	-12.4500	4.9675	114.8000	572.0000
35035	4.9840	-10.7400	4.9733	107.5000	534.0000
35138	4.9840	-10.7600	4.9732	107.8000	536.0000
35241	4.9880	-10.7900	4.9772	108.5000	539.0000
35344	4.9840	-10.7400	4.9733	107.1000	532.0000
35447	4.9880	-12.5300	4.9755	108.0000	539.0000
35550	4.9840	-12.5500	4.9715	106.9000	532.0000
35653	4.9840	-10.7600	4.9732	107.2000	570.0000
35756	4.9720	-13.0400	4.9590	106.8000	532.0000
35859	4.9840	-12.5800	4.9714	108.3000	539.0000
35962	4.9880	-11.0700	4.9769	107.1000	532.0000
36065	4.9840	-10.7500	4.9733	109.4000	546.0000
36168	4.9840	-10.6900	4.9733	106.4000	542.0000
36271	4.9800	-10.7700	4.9692	113.0000	531.0000
36374	4.9840	-12.4900	4.9715	106.4000	531.0000
36477	4.9840	-10.8600	4.9731	106.7000	537.0000
36580	4.9720	-12.6500	4.9594	123.7000	614.0000
36683	4.9680	-13.9100	4.9541	126.4000	626.0000
36786	4.9680	-12.6800	4.9553	127.4000	632.0000
36889	4.9760	-12.0000	4.9640	119.4000	593.0000
36992	4.9840	-10.7300	4.9733	107.6000	536.0000
37095	4.9840	-10.6300	4.9734	109.4000	539.0000
37198	4.9800	-11.4600	4.9685	107.5000	536.0000
37301	4.9840	-10.7100	4.9733	107.4000	536.0000
37404	4.9840	-10.8900	4.9731	108.0000	598.0000
37507	4.9840	-12.0500	4.9720	107.7000	537.0000
37610	4.9840	-10.7700	4.9732	107.7000	536.0000
37713	4.9840	-10.7500	4.9733	107.3000	560.0000
37816	4.9720	-10.7700	4.9612	127.5000	634.0000
37919	4.9840	-11.5000	4.9725	110.5000	577.0000
38022	4.9880	-10.7200	4.9773	107.1000	532.0000
38125	4.9840	-10.8100	4.9732	107.6000	536.0000
38228	4.9800	-10.7300	4.9693	114.8000	534.0000
38331	4.9720	-11.8700	4.9601	133.1000	664.0000
38434	4.9840	-10.7000	4.9733	106.8000	532.0000
38537	4.9880	-10.9100	4.9771	107.7000	532.0000
38640	4.9880	-12.5700	4.9754	111.6000	555.0000
38743	4.9840	-10.7400	4.9733	115.7000	536.0000
38846	4.9800	-11.4400	4.9686	106.4000	531.0000
38949	4.9880	-10.8500	4.9771	106.9000	532.0000
39052	4.9800	-10.6300	4.9694	108.4000	531.0000
39155	4.9880	-10.7500	4.9773	121.1000	603.0000
39258	4.9840	-10.7300	4.9733	106.9000	532.0000
39361	4.9760	-10.7100	4.9653	111.1000	534.0000
39464	4.9720	-12.0200	4.9600	119.8000	595.0000
39567	4.9840	-10.9000	4.9731	106.7000	532.0000
39670	4.9720	-10.7200	4.9613	107.4000	536.0000
39773	4.9880	-10.7200	4.9773	106.6000	532.0000
39876	4.9840	-10.7600	4.9732	114.4000	539.0000
39979	4.9800	-11.1700	4.9688	120.5000	600.0000
40082	4.9840	-10.7100	4.9733	107.7000	537.0000
40185	4.9840	-10.9800	4.9730	107.5000	532.0000
40288	4.9880	-10.9300	4.9771	110.1000	549.0000
40391	4.9840	-10.9700	4.9730	109.2000	544.0000
40494	4.9880	-10.6000	4.9774	106.3000	528.0000
40597	4.9880	-10.6700	4.9773	107.8000	537.0000
40700	4.9840	-10.7000	4.9733	107.0000	544.0000
40803	4.9840	-10.8000	4.9732	107.2000	534.0000
40906	4.9760	-11.2800	4.9647	113.1000	564.0000
41009	4.9840	-11.1100	4.9729	107.4000	532.0000
41112	4.9840	-10.7100	4.9733	106.3000	529.0000
41215	4.9840	-10.6400	4.9734	106.4000	531.0000
41318	4.9840	-10.6700	4.9733	126.0000	529.0000
41421	4.9720	-10.7200	4.9613	107.2000	534.0000
41524	4.9840	-10.7100	4.9733	107.5000	536.0000
41627	4.9680	-12.7300	4.9553	127.5000	632.0000
41730	4.9720	-12.5900	4.9594	120.3000	598.0000
41833	4.9760	-11.9800	4.9640	120.2000	596.0000
41936	4.9880	-10.7200	4.9773	121.2000	532.0000
42039	4.9840	-10.7200	4.9733	106.5000	531.0000
42142	4.9800	-12.0800	4.9679	107.2000	534.0000
42245	4.9840	-10.7800	4.9732	107.2000	534.0000
42348	4.9840	-11.7400	4.9723	106.5000	531.0000
42451	4.9840	-10.6100	4.9734	106.4000	529.0000
42554	4.9880	-10.6800	4.9773	120.1000	596.0000
42657	4.9840	-10.7400	4.9733	107.1000	534.0000
42760	4.9840	-12.0500	4.9720	112.4000	529.0000
42863	4.9840	-10.8100	4.9732	106.5000	531.0000
42966	4.9840	-11.0800	4.9729	108.8000	551.0000
43069	4.9800	-10.9500	4.9690	117.8000	585.0000
43172	4.9840	-10.6500	4.9734	106.9000	532.0000
43275	4.9840	-10.7800	4.9732	107.1000	537.0000
43378	4.9880	-10.6500	4.9773	110.0000	547.0000
43481	4.9760	-12.0900	4.9639	107.5000	536.0000
43584	4.9840	-10.7400	4.9733	107.1000	536.0000
43687	4.9880	-10.6600	4.9773	106.3000	529.0000
43790	4.9840	-10.7100	4.9733	107.5000	536.0000
43893	4.9840	-12.4700	4.9715	107.1000	532.0000
43996	4.9880	-10.7200	4.9773	109.4000	546.0000
44099	4.9720	-12.0100	4.9600	114.7000	572.0000
44202	4.9880	-10.7000	4.9773	106.5000	529.0000
44305	4.9880	-10.7300	4.9773	122.3000	608.0000
44408	4.9800	-10.7500	4.9693	106.4000	534.0000
44511	4.9880	-10.6700	4.9773	107.1000	534.0000
44614	4.9840	-11.4800	4.9725	107.5000	536.0000
44717	4.9840	-10.8000	4.9732	106.4000	531.0000
44820	4.9840	-10.9500	4.9731	108.3000	539.0000
44923	4.9840	-11.0700	4.9729	106.7000	532.0000
45026	4.9840	-10.8100	4.9732	109.8000	623.0000
45129	4.9800	-10.7700	4.9692	117.1000	582.0000
45232	4.9840	-11.6200	4.9724	107.1000	629.0000
45335	4.9880	-11.4300	4.9766	114.0000	569.0000
45438	4.9800	-10.7700	4.9692	113.9000	567.0000
45541	4.9720	-11.2200	4.9608	111.2000	537.0000
45644	4.9840	-10.6500	4.9734	125.6000	626.0000
45747	4.9840	-10.7300	4.9733	119.4000	595.0000
45850	4.9880	-10.6900	4.9773	106.6000	534.0000
45953	4.9880	-10.6600	4.9773	107.9000	537.0000
46056	4.9720	-12.0100	4.9600	112.5000	534.0000
46159	4.9840	-10.7300	4.9733	107.2000	534.0000
46262	4.9880	-10.7000	4.9773	107.6000	536.0000
46365	4.9840	-10.7600	4.9732	117.5000	534.0000
46468	4.9840	-10.7700	4.9732	106.5000	531.0000
46571	4.9680	-12.7000	4.9553	128.8000	641.0000
46674	4.9600	-12.7200	4.9473	128.6000	631.0000
46777	4.9720	-12.6500	4.9594	127.0000	631.0000
46880	4.9720	-12.4300	4.9596	119.6000	595.0000
46983	4.9760	-10.7800	4.9652	128.3000	629.0000
47086	4.9880	-10.7300	4.9773	107.2000	534.0000
47189	4.9840	-10.6800	4.9733	106.3000	529.0000
47292	4.9880	-10.7600	4.9772	125.1000	532.0000
47395	4.9880	-10.6800	4.9773	107.0000	532.0000
47498	4.9840	-11.4500	4.9726	107.1000	531.0000
47601	4.9840	-10.7200	4.9733	106.7000	532.0000
47704	4.9880	-11.0000	4.9770	114.7000	570.0000
47807	4.9840	-11.4500	4.9726	107.3000	531.0000
47910	4.9880	-10.6600	4.9773	109.1000	544.0000
48013	4.9840	-10.6500	4.9734	107.2000	534.0000
48116	4.9800	-10.6700	4.9693	110.8000	529.0000
48219	4.9840	-11.0600	4.9729	107.0000	532.0000
48322	4.9800	-10.7100	4.9693	107.2000	534.0000
48425	4.9840	-10.6800	4.9733	106.2000	544.0000
48528	4.9880	-10.7600	4.9772	108.4000	541.0000
48631	4.9720	-11.9900	4.9600	109.3000	532.0000
48734	4.9840	-10.7100	4.9733	108.0000	539.0000
48837	4.9840	-10.7300	4.9733	107.3000	534.0000
48940	4.9840	-10.6800	4.9733	107.6000	534.0000
49043	4.9880	-11.0100	4.9770	107.3000	534.0000
49146	4.9680	-10.6900	4.9573	108.2000	539.0000
49249	4.9840	-10.6600	4.9733	108.2000	534.0000
49352	4.9880	-10.6700	4.9773	108.9000	542.0000
49455	4.9720	-10.7300	4.9613	119.9000	549.0000
49558	4.9880	-10.7300	4.9773	107.0000	536.0000
49661	4.9880	-10.8300	4.9772	108.9000	542.0000
49764	4.9840	-10.6600	4.9733	108.2000	549.0000
49867	4.9840	-10.8100	4.9732	107.8000	537.0000
49970	4.9840	-10.7300	4.9733	107.1000	534.0000
50073	4.9840	-10.7400	4.9733	107.3000	536.0000
50176	4.9880	-10.8400	4.9772	107.6000	536.0000
50279	4.9840	-10.7100	4.9733	109.1000	542.0000
50382	4.9880	-11.8400	4.9762	110.0000	534.0000
50485	4.9880	-12.4700	4.9755	107.5000	536.0000
50588	4.9840	-10.8100	4.9732	107.5000	534.0000
50691	4.9880	-10.7100	4.9773	106.1000	529.0000
50794	4.9880	-10.7200	4.9773	106.1000	529.0000
50897	4.9840	-10.8600	4.9731	106.2000	539.0000
51000	4.9880	-10.7500	4.9773	107.9000	537.0000
51103	4.9880	-10.6000	4.9774	107.0000	532.0000
51206	4.9760	-12.0700	4.9639	117.1000	534.0000
51309	4.9840	-10.7200	4.9733	109.1000	544.0000
51412	4.9840	-10.6000	4.9734	106.5000	531.0000
51515	4.9800	-10.9100	4.9691	118.4000	569.0000
51618	4.9720	-12.7000	4.9593	126.0000	626.0000
51721	4.9640	-12.9300	4.9511	130.0000	639.0000
51824	4.9680	-12.6900	4.9553	126.3000	639.0000
51927	4.9880	-10.7200	4.9773	107.6000	536.0000
52030	4.9760	-10.8400	4.9652	120.8000	546.0000
52133	4.9720	-10.7100	4.9613	107.3000	534.0000
52236	4.9840	-10.6600	4.9733	108.0000	539.0000
52339	4.9840	-10.6200	4.9734	106.6000	536.0000
52442	4.9880	-10.8000	4.9772	106.9000	532.0000
52545	4.9840	-10.7400	4.9733	106.7000	532.0000
52648	4.9840	-10.7500	4.9733	107.7000	534.0000
52751	4.9840	-10.9700	4.9730	120.2000	593.0000
52854	4.9840	-10.6400	4.9734	106.8000	605.0000
52957	4.9840	-13.5000	4.9705	107.1000	567.0000
53060	4.9800	-10.6200	4.9694	107.0000	532.0000
53163	4.9760	-10.5800	4.9654	110.3000	542.0000
53266	4.9840	-10.7100	4.9733	113.4000	565.0000
53369	4.9800	-10.9500	4.9690	106.6000	531.0000
53472	4.9840	-10.6400	4.9734	106.3000	532.0000
53575	4.9720	-10.7000	4.9613	106.6000	531.0000
53678	4.9840	-10.6900	4.9733	107.0000	532.0000
53781	4.9720	-11.9500	4.9601	115.8000	539.0000
53884	4.9760	-10.7100	4.9653	112.5000	560.0000
53987	4.9840	-10.8400	4.9732	124.9000	536.0000
54090	4.9840	-10.7000	4.9733	125.1000	624.0000
54193	4.9880	-10.6700	4.9773	107.5000	536.0000
54296	4.9800	-11.6200	4.9684	109.9000	546.0000
54399	4.9880	-10.5600	4.9774	106.5000	531.0000
54502	4.9760	-10.6000	4.9654	106.7000	532.0000
54605	4.9800	-10.5600	4.9694	120.0000	578.0000
54708	4.9880	-10.6600	4.9773	107.8000	537.0000
54811	4.9840	-10.9000	4.9731	107.1000	534.0000
54914	4.9800	-11.4300	4.9686	107.5000	668.0000
55017	4.9880	-10.6800	4.9773	106.8000	532.0000
55120	4.9840	-10.6600	4.9733	108.3000	531.0000
55223	4.9840	-10.7200	4.9733	106.7000	532.0000
55326	4.9880	-10.7000	4.9773	125.8000	624.0000
55429	4.9840	-11.5900	4.9724	107.6000	596.0000
55532	4.9840	-12.7800	4.9712	106.6000	531.0000
55635	4.9840	-10.7400	4.9733	107.0000	534.0000
55738	4.9880	-10.6400	4.9774	105.9000	528.0000
55841	4.9880	-10.6100	4.9774	124.0000	618.0000
55944	4.9840	-10.6200	4.9734	106.0000	528.0000
56047	4.9840	-10.7000	4.9733	107.0000	551.0000
56150	4.9880	-12.4700	4.9755	106.6000	531.0000
56253	4.9840	-10.6000	4.9734	107.0000	532.0000
56356	4.9760	-12.1000	4.9639	113.7000	567.0000
56459	4.9840	-11.5400	4.9725	105.8000	528.0000
56562	4.9680	-12.6500	4.9553	126.1000	623.0000
56665	4.9680	-12.5800	4.9554	126.4000	628.0000
56768	4.9680	-12.8500	4.9552	126.4000	628.0000
56871	4.9720	-13.5100	4.9585	122.6000	590.0000
56974	4.9800	-10.6500	4.9693	114.5000	570.0000
57077	4.9840	-10.6400	4.9734	125.5000	626.0000
57180	4.9800	-10.6500	4.9693	119.0000	637.0000
57283	4.9880	-10.9200	4.9771	106.0000	529.0000
57386	4.9840	-10.6600	4.9733	114.5000	570.0000
57489	4.9840	-10.7700	4.9732	107.3000	536.0000
57592	4.9880	-10.6400	4.9774	106.8000	532.0000
57695	4.9840	-10.6400	4.9734	105.8000	528.0000
57798	4.9880	-10.7500	4.9773	105.9000	528.0000
57901	4.9840	-10.5300	4.9735	108.6000	541.0000
58004	4.9800	-10.9700	4.9690	109.0000	595.0000
58107	4.9840	-12.0100	4.9720	106.7000	532.0000
58210	4.9840	-10.7600	4.9732	125.0000	623.0000
58313	4.9800	-10.5700	4.9694	113.2000	526.0000
58416	4.9880	-10.5900	4.9774	107.3000	536.0000
58519	4.9840	-10.6100	4.9734	105.9000	526.0000
58622	4.9880	-10.5900	4.9774	106.5000	531.0000
58725	4.9880	-10.6500	4.9773	105.9000	528.0000
58828	4.9840	-10.6800	4.9733	106.3000	531.0000
58931	4.9760	-11.9200	4.9641	106.8000	532.0000
59034	4.9840	-10.6200	4.9734	106.4000	531.0000
59137	4.9840	-10.6100	4.9734	105.4000	532.0000
59240	4.9880	-10.6100	4.9774	106.6000	531.0000
59343	4.9840	-10.6200	4.9734	107.0000	532.0000
59446	4.9880	-10.6500	4.9773	106.9000	600.0000
59549	4.9880	-10.7600	4.9772	117.6000	585.0000
59652	4.9840	-10.7100	4.9733	105.9000	531.0000
59755	4.9840	-10.7500	4.9733	123.3000	614.0000
59858	4.9880	-10.6600	4.9773	110.4000	551.0000
59961	4.9840	-11.0100	4.9730	113.1000	526.0000
60064	4.9880	-10.9000	4.9771	106.6000	532.0000
60167	4.9760	-11.3300	4.9647	109.2000	544.0000
60270	4.9840	-10.7600	4.9732	106.9000	532.0000
60373	4.9840	-10.8300	4.9732	109.1000	544.0000
60476	4.9840	-10.5600	4.9734	106.3000	531.0000
60579	4.9880	-12.4600	4.9755	105.7000	593.0000
60682	4.9840	-11.9100	4.9721	106.3000	529.0000
60785	4.9840	-10.9200	4.9731	105.6000	529.0000
60888	4.9840	-10.6400	4.9734	106.7000	532.0000
60991	4.9800	-10.6600	4.9693	111.2000	552.0000
61094	4.9880	-10.6000	4.9774	105.5000	534.0000
61197	4.9880	-10.6100	4.9774	106.9000	532.0000
61300	4.9840	-11.4100	4.9726	106.0000	528.0000
61403	4.9880	-10.6000	4.9774	106.4000	529.0000
61506	4.9720	-11.5900	4.9604	106.3000	529.0000
61609	4.9680	-12.6900	4.9553	139.4000	693.0000
61712	4.9680	-12.9000	4.9551	126.5000	631.0000
61815	4.9720	-12.6400	4.9594	125.8000	624.0000
61918	4.9840	-10.5700	4.9734	107.5000	542.0000
62021	4.9880	-10.7000	4.9773	106.5000	526.0000
62124	4.9880	-10.6200	4.9774	109.1000	542.0000
62227	4.9840	-10.6200	4.9734	106.7000	528.0000
62330	4.9840	-10.9700	4.9730	123.1000	613.0000
62433	4.9840	-10.9000	4.9731	106.5000	531.0000
62536	4.9880	-10.7700	4.9772	111.7000	531.0000
62639	4.9880	-11.6900	4.9763	106.8000	532.0000
62742	4.9840	-10.6800	4.9733	123.7000	616.0000
62845	4.9880	-10.6300	4.9774	107.1000	529.0000
62948	4.9880	-10.6300	4.9774	107.2000	534.0000
63051	4.9840	-10.6400	4.9734	106.3000	532.0000
63154	4.9840	-11.1200	4.9729	105.8000	595.0000
63257	4.9760	-11.9600	4.9640	105.9000	528.0000
63360	4.9880	-10.8200	4.9772	106.2000	529.0000
63463	4.9840	-10.8400	4.9732	105.9000	528.0000
63566	4.9880	-12.5000	4.9755	107.0000	532.0000
63669	4.9840	-10.6200	4.9734	107.7000	536.0000
63772	4.9880	-10.7400	4.9773	107.7000	536.0000
63875	4.9840	-10.7500	4.9733	107.2000	532.0000
63978	4.9880	-10.7400	4.9773	107.5000	593.0000
64081	4.9760	-11.3200	4.9647	115.6000	577.0000
64184	4.9680	-11.4000	4.9566	107.3000	542.0000
64287	4.9880	-10.8100	4.9772	106.5000	532.0000
64390	4.9880	-11.7200	4.9763	112.7000	562.0000
64493	4.9840	-12.6400	4.9714	107.4000	578.0000
64596	4.9880	-10.6900	4.9773	107.9000	537.0000
64699	4.9760	-10.7300	4.9653	114.5000	570.0000
64802	4.9840	-10.8300	4.9732	110.4000	532.0000
64905	4.9880	-10.8000	4.9772	123.7000	616.0000
65008	4.9840	-10.8900	4.9731	106.1000	529.0000
65111	4.9840	-10.7300	4.9733	107.1000	539.0000
65214	4.9880	-10.8200	4.9772	107.5000	536.0000
65317	4.9800	-10.7800	4.9692	114.7000	539.0000
65420	4.9840	-10.6900	4.9733	109.0000	544.0000
65523	4.9880	-10.7400	4.9773	107.6000	536.0000
65626	4.9840	-10.6300	4.9734	111.3000	532.0000
65729	4.9880	-11.0800	4.9769	120.3000	598.0000
65832	4.9800	-12.0900	4.9679	108.1000	539.0000
65935	4.9840	-10.9000	4.9731	107.8000	534.0000
66038	4.9880	-10.8600	4.9771	104.4000	521.0000
66141	4.9840	-11.1000	4.9729	114.4000	570.0000
66244	4.9840	-10.7800	4.9732	107.0000	541.0000
66347	4.9880	-12.5400	4.9755	108.2000	537.0000
66450	4.9840	-10.9700	4.9730	106.2000	536.0000
66553	4.9680	-12.7400	4.9553	130.4000	649.0000
66656	4.9760	-12.5300	4.9635	126.4000	628.0000
66759	4.9680	-12.9700	4.9550	126.6000	637.0000
66862	4.9760	-12.1100	4.9639	123.3000	613.0000
66965	4.9840	-10.8500	4.9732	115.6000	577.0000
67068	4.9840	-10.7200	4.9733	110.2000	551.0000
67171	4.9840	-10.9500	4.9731	106.1000	529.0000
67274	4.9840	-11.0400	4.9730	107.1000	534.0000
67377	4.9840	-10.6700	4.9733	111.0000	532.0000
67480	4.9880	-12.6100	4.9754	122.8000	613.0000
67583	4.9880	-10.6100	4.9774	107.0000	534.0000
67686	4.9840	-10.7700	4.9732	106.9000	554.0000
67789	4.9800	-12.1300	4.9679	107.7000	537.0000
67892	4.9840	-12.0100	4.9720	109.9000	532.0000
67995	4.9840	-10.6500	4.9734	107.3000	534.0000
68098	4.9880	-10.6900	4.9773	107.6000	536.0000
68201	4.9840	-10.7000	4.9733	107.2000	546.0000
68304	4.9880	-10.7900	4.9772	137.3000	682.0000
68407	4.9840	-10.8100	4.9732	121.0000	603.0000
68510	4.9840	-10.7900	4.9732	119.8000	542.0000
68613	4.9880	-10.6200	4.9774	105.8000	528.0000
68716	4.9840	-10.7800	4.9732	107.4000	536.0000
68819	4.9720	-11.3800	4.9606	107.3000	532.0000
68922	4.9840	-10.9300	4.9731	114.3000	570.0000
69025	4.9840	-11.3600	4.9726	108.0000	532.0000
69128	4.9840	-12.0000	4.9720	109.0000	544.0000
69231	4.9720	-11.0300	4.9610	107.5000	536.0000
69334	4.9840	-10.6400	4.9734	106.3000	531.0000
69437	4.9880	-10.6900	4.9773	106.7000	532.0000
69540	4.9720	-11.9500	4.9601	120.1000	596.0000
69643	4.9800	-10.9700	4.9690	106.7000	536.0000
69746	4.9880	-10.9600	4.9770	107.0000	532.0000
69849	4.9840	-10.6600	4.9733	107.6000	536.0000
69952	4.9840	-10.7400	4.9733	107.1000	529.0000
70055	4.9880	-10.6700	4.9773	120.8000	601.0000
70158	4.9840	-10.7500	4.9733	106.0000	624.0000
70261	4.9880	-10.7300	4.9773	107.8000	577.0000
70364	4.9880	-10.7000	4.9773	107.1000	534.0000
70467	4.9840	-10.6400	4.9734	111.0000	587.0000
70570	4.9840	-12.4600	4.9715	106.7000	531.0000
70673	4.9840	-10.9100	4.9731	108.6000	541.0000
70776	4.9840	-11.7400	4.9723	107.2000	544.0000
70879	4.9840	-10.6500	4.9734	119.0000	591.0000
70982	4.9840	-11.1900	4.9728	110.2000	549.0000
71085	4.9840	-10.6000	4.9734	106.6000	529.0000
71188	4.9880	-10.9100	4.9771	111.5000	555.0000
71291	4.9840	-10.9600	4.9730	107.1000	532.0000
71394	4.9840	-10.7100	4.9733	107.0000	528.0000
71497	4.9840	-10.8900	4.9731	107.7000	536.0000
71600	4.9640	-13.0300	4.9510	128.8000	637.0000
71703	4.9640	-12.7400	4.9513	127.3000	632.0000
71806	4.9720	-12.5400	4.9595	138.9000	690.0000
71909	4.9680	-12.8600	4.9551	120.1000	572.0000
72012	4.9840	-10.7200	4.9733	107.9000	537.0000
72115	4.9840	-10.6700	4.9733	106.9000	532.0000
72218	4.9800	-10.7500	4.9693	106.0000	534.0000
72321	4.9840	-11.3400	4.9727	107.4000	536.0000
72424	4.9840	-10.7100	4.9733	107.7000	537.0000
72527	4.9800	-10.7200	4.9693	107.3000	536.0000
72630	4.9840	-10.7300	4.9733	120.5000	600.0000
72733	4.9840	-10.7700	4.9732	107.6000	536.0000
72836	4.9680	-10.6800	4.9573	111.1000	539.0000
72939	4.9840	-11.2600	4.9727	119.1000	593.0000
73042	4.9840	-10.7500	4.9733	107.0000	532.0000
73145	4.9840	-12.1000	4.9719	107.3000	534.0000
73248	4.9880	-10.8500	4.9771	108.7000	541.0000
73351	4.9800	-10.6900	4.9693	107.0000	537.0000
73454	4.9800	-11.4700	4.9685	109.4000	608.0000
73557	4.9760	-12.0300	4.9640	107.3000	534.0000
73660	4.9840	-10.6600	4.9733	108.0000	542.0000
73763	4.9840	-10.7100	4.9733	106.8000	532.0000
73866	4.9840	-10.7900	4.9732	110.3000	549.0000
73969	4.9800	-10.9700	4.9690	107.5000	532.0000
74072	4.9840	-10.8400	4.9732	109.2000	544.0000
74175	4.9720	-10.7300	4.9613	109.9000	547.0000
74278	4.9840	-10.7700	4.9732	106.8000	532.0000
74381	4.9720	-11.5000	4.9605	106.5000	531.0000
74484	4.9800	-10.9500	4.9690	115.0000	573.0000
74587	4.9840	-12.4800	4.9715	106.9000	536.0000
74690	4.9840	-10.7300	4.9733	107.6000	536.0000
74793	4.9800	-10.7500	4.9693	107.9000	537.0000
74896	4.9840	-10.7100	4.9733	106.3000	534.0000
74999	4.9840	-10.5600	4.9734	109.1000	544.0000
75102	4.9800	-10.7700	4.9692	106.3000	531.0000
75205	4.9640	-10.6800	4.9533	123.7000	618.0000
75308	4.9840	-10.6900	4.9733	107.3000	534.0000
75411	4.9800	-11.2500	4.9688	106.9000	531.0000
75514	4.9800	-10.9700	4.9690	109.9000	547.0000
75617	4.9840	-10.7400	4.9733	106.7000	532.0000
75720	4.9800	-10.8400	4.9692	109.7000	539.0000
75823	4.9840	-10.6400	4.9734	107.1000	532.0000
75926	4.9760	-11.3600	4.9646	111.3000	554.0000
76029	4.9840	-10.6800	4.9733	107.3000	598.0000
76132	4.9760	-12.0400	4.9640	112.1000	559.0000
76235	4.9800	-10.7000	4.9693	107.2000	534.0000
76338	4.9760	-10.8700	4.9651	109.2000	546.0000
76441	4.9840	-10.7200	4.9733	108.7000	541.0000
76544	4.9640	-12.8700	4.9511	128.6000	639.0000
76647	4.9680	-12.7000	4.9553	129.0000	632.0000
76750	4.9680	-12.7200	4.9553	127.0000	631.0000
76853	4.9720	-12.0100	4.9600	120.2000	598.0000
76956	4.9680	-12.2300	4.9558	120.9000	650.0000
77059	4.9840	-10.7000	4.9733	106.8000	532.0000
77162	4.9720	-10.7600	4.9612	120.8000	601.0000
77265	4.9840	-10.7400	4.9733	107.3000	532.0000
77368	4.9760	-11.4400	4.9646	106.2000	529.0000
77471	4.9840	-10.6800	4.9733	107.1000	546.0000
77574	4.9840	-10.7800	4.9732	106.6000	532.0000
77677	4.9840	-10.6600	4.9733	107.7000	536.0000
77780	4.9720	-10.6500	4.9613	120.5000	575.0000
77883	4.9840	-10.7900	4.9732	109.4000	546.0000
77986	4.9840	-10.6600	4.9733	109.1000	544.0000
78089	4.9840	-10.9800	4.9730	107.3000	528.0000
78192	4.9840	-10.8900	4.9731	106.8000	532.0000
78295	4.9800	-10.7500	4.9693	110.4000	551.0000
78398	4.9840	-10.9300	4.9731	108.6000	546.0000
78501	4.9840	-10.6800	4.9733	109.1000	542.0000
78604	4.9800	-10.6400	4.9694	113.7000	565.0000
78707	4.9840	-11.9800	4.9720	107.0000	542.0000
78810	4.9840	-10.7800	4.9732	106.6000	531.0000
78913	4.9800	-10.9700	4.9690	107.7000	536.0000
79016	4.9600	-11.3200	4.9487	115.1000	539.0000
79119	4.9840	-10.8200	4.9732	109.7000	546.0000
79222	4.9800	-10.6900	4.9693	106.8000	532.0000
79325	4.9840	-10.7700	4.9732	116.0000	547.0000
79428	4.9840	-10.7100	4.9733	110.5000	551.0000
79531	4.9640	-12.7000	4.9513	112.5000	549.0000
79634	4.9840	-10.6900	4.9733	106.4000	531.0000
79737	4.9840	-10.6500	4.9734	108.5000	541.0000
79840	4.9800	-10.7700	4.9692	108.0000	534.0000
79943	4.9840	-10.8000	4.9732	114.5000	570.0000
80046	4.9800	-10.7400	4.9693	110.1000	549.0000
80149	4.9840	-10.7700	4.9732	108.9000	546.0000
80252	4.9840	-10.8800	4.9731	107.9000	537.0000
80355	4.9720	-10.7300	4.9613	120.1000	596.0000
80458	4.9840	-10.6600	4.9733	107.5000	532.0000
80561	4.9840	-10.6600	4.9733	109.5000	546.0000
80664	4.9840	-10.4000	4.9736	107.5000	536.0000
80767	4.9840	-10.7600	4.9732	107.5000	539.0000
80870	4.9880	-10.7300	4.9773	106.6000	531.0000
80973	4.9760	-10.7300	4.9653	108.4000	532.0000
81076	4.9840	-10.7100	4.9733	110.5000	532.0000
81179	4.9880	-11.2400	4.9768	111.8000	555.0000
81282	4.9840	-12.1900	4.9718	107.3000	534.0000
81385	4.9840	-10.7400	4.9733	107.9000	537.0000
81488	4.9840	-10.6700	4.9733	107.8000	536.0000
81591	4.9680	-12.7400	4.9553	125.9000	646.0000
81694	4.9680	-12.6600	4.9553	129.3000	642.0000
81797	4.9640	-12.7300	4.9513	127.0000	631.0000
81900	4.9720	-11.9800	4.9600	119.5000	611.0000
82003	4.9840	-10.9500	4.9731	108.1000	539.0000
82106	4.9720	-12.3100	4.9597	111.5000	555.0000
82209	4.9840	-10.9500	4.9731	109.1000	532.0000
82312	4.9840	-10.7000	4.9733	107.2000	534.0000
82415	4.9800	-10.7400	4.9693	107.6000	536.0000
82518	4.9840	-10.6800	4.9733	107.4000	531.0000
82621	4.9800	-12.1300	4.9679	107.3000	534.0000
82724	4.9840	-11.7400	4.9723	108.8000	606.0000
82827	4.9840	-11.5600	4.9724	113.9000	567.0000
82930	4.9880	-10.7100	4.9773	120.0000	596.0000
83033	4.9840	-11.0200	4.9730	106.8000	536.0000
83136	4.9840	-10.7400	4.9733	107.6000	536.0000
83239	4.9840	-10.7800	4.9732	106.4000	531.0000
83342	4.9840	-10.6800	4.9733	106.1000	529.0000
83445	4.9840	-10.6300	4.9734	106.7000	532.0000
83548	4.9760	-10.6800	4.9653	114.5000	570.0000
83651	4.9840	-10.6300	4.9734	106.2000	529.0000
83754	4.9880	-12.5500	4.9755	116.5000	578.0000
83857	4.9840	-11.2000	4.9728	108.8000	542.0000
83960	4.9840	-10.7200	4.9733	109.3000	547.0000
84063	4.9840	-11.1200	4.9729	107.4000	536.0000
84166	4.9840	-10.7100	4.9733	106.7000	534.0000
84269	4.9840	-10.7400	4.9733	109.2000	544.0000
84372	4.9840	-10.7000	4.9733	107.2000	534.0000
84475	4.9840	-10.6100	4.9734	106.5000	528.0000
84578	4.9840	-10.9200	4.9731	114.9000	573.0000
84681	4.9760	-10.6600	4.9653	108.0000	537.0000
84784	4.9840	-10.6600	4.9733	107.3000	536.0000
84887	4.9880	-10.7300	4.9773	110.4000	551.0000
84990	4.9800	-10.9200	4.9691	114.6000	570.0000
85093	4.9840	-10.6900	4.9733	107.1000	546.0000
85196	4.9840	-11.0600	4.9729	108.3000	539.0000
85299	4.9840	-12.5000	4.9715	107.8000	537.0000
85402	4.9840	-10.7700	4.9732	106.8000	537.0000
85505	4.9880	-10.7900	4.9772	119.5000	595.0000
85608	4.9840	-10.8600	4.9731	106.9000	534.0000
85711	4.9840	-10.9400	4.9731	107.6000	534.0000
85814	4.9880	-11.5800	4.9764	107.3000	534.0000
85917	4.9840	-10.7200	4.9733	107.6000	534.0000
86020	4.9880	-10.7300	4.9773	108.1000	539.0000
86123	4.9840	-10.7400	4.9733	107.2000	534.0000
86226	4.9800	-10.9300	4.9691	113.4000	555.0000
86329	4.9720	-10.5600	4.9614	116.7000	580.0000
86432	4.9840	-10.9500	4.9731	106.8000	532.0000
86535	4.9640	-12.6300	4.9514	129.4000	631.0000
86638	4.9600	-12.7800	4.9472	128.1000	636.0000
86741	4.9680	-13.0000	4.9550	126.9000	631.0000
86844	4.9720	-12.0400	4.9600	120.4000	623.0000
86947	4.9880	-10.8200	4.9772	106.1000	529.0000
87050	4.9800	-11.7800	4.9682	107.0000	532.0000
87153	4.9840	-11.0900	4.9729	106.8000	534.0000
87256	4.9760	-11.1800	4.9648	106.6000	531.0000
87359	4.9840	-11.5800	4.9724	109.7000	532.0000
87462	4.9760	-11.1300	4.9649	106.2000	532.0000
87565	4.9800	-10.7400	4.9693	108.5000	541.0000
87668	4.9760	-10.7100	4.9653	105.7000	537.0000
87771	4.9840	-10.8700	4.9731	115.7000	577.0000
87874	4.9880	-11.5000	4.9765	114.4000	570.0000
87977	4.9840	-10.7300	4.9733	112.1000	641.0000
88080	4.9880	-10.7000	4.9773	121.9000	608.0000
88183	4.9840	-10.8600	4.9731	109.6000	546.0000
88286	4.9840	-10.8000	4.9732	107.8000	536.0000
88389	4.9840	-11.0100	4.9730	107.3000	532.0000
88492	4.9840	-10.6700	4.9733	106.5000	531.0000
88595	4.9840	-10.7500	4.9733	106.7000	529.0000
88698	4.9880	-10.6500	4.9773	106.6000	531.0000
88801	4.9840	-10.6300	4.9734	109.1000	534.0000
88904	4.9840	-10.6800	4.9733	107.4000	598.0000
89007	4.9760	-12.0800	4.9639	112.3000	559.0000
89110	4.9840	-10.6500	4.9734	121.2000	529.0000
89213	4.9880	-10.6900	4.9773	108.3000	537.0000
89316	4.9840	-10.8700	4.9731	108.2000	539.0000
89419	4.9840	-10.8600	4.9731	107.5000	532.0000
89522	4.9720	-11.4500	4.9606	107.1000	534.0000
89625	4.9840	-11.0300	4.9730	125.4000	624.0000
89728	4.9840	-10.7600	4.9732	106.3000	539.0000
89831	4.9800	-11.0500	4.9689	109.3000	544.0000
89934	4.9840	-12.4800	4.9715	106.3000	529.0000
90037	4.9880	-10.7200	4.9773	107.2000	536.0000
90140	4.9840	-10.9300	4.9731	107.5000	536.0000
90243	4.9840	-10.7400	4.9733	107.5000	539.0000
90346	4.9880	-10.7300	4.9773	113.6000	565.0000
90449	4.9840	-10.8400	4.9732	107.2000	534.0000
90552	4.9840	-10.6900	4.9733	106.5000	621.0000
90655	4.9880	-10.8400	4.9772	120.4000	600.0000
90758	4.9840	-10.7100	4.9733	107.0000	532.0000
90861	4.9880	-12.5100	4.9755	107.4000	603.0000
90964	4.9880	-10.7100	4.9773	107.3000	536.0000
91067	4.9840	-10.8200	4.9732	107.5000	536.0000
91170	4.9840	-10.7600	4.9732	107.2000	559.0000
91273	4.9880	-10.6900	4.9773	107.0000	532.0000
91376	4.9840	-10.6600	4.9733	107.0000	532.0000
91479	4.9880	-10.8200	4.9772	120.7000	600.0000
91582	4.9720	-12.3400	4.9597	129.4000	642.0000
91685	4.9680	-12.7500	4.9552	130.8000	634.0000
91788	4.9680	-12.8100	4.9552	127.5000	632.0000
91891	4.9640	-11.9400	4.9521	129.5000	644.0000
91994	4.9840	-10.6600	4.9733	109.0000	537.0000
92097	4.9880	-10.8000	4.9772	108.2000	539.0000
92200	4.9880	-10.6600	4.9773	110.6000	551.0000
92303	4.9840	-10.9300	4.9731	109.4000	532.0000
92406	4.9760	-11.2100	4.9648	107.1000	534.0000
92509	4.9840	-10.6800	4.9733	108.2000	539.0000
92612	4.9880	-10.7100	4.9773	107.2000	618.0000
92715	4.9880	-10.6400	4.9774	108.1000	539.0000
92818	4.9840	-10.9100	4.9731	106.7000	532.0000
92921	4.9840	-10.7100	4.9733	107.3000	536.0000
93024	4.9880	-10.6900	4.9773	106.9000	532.0000
93127	4.9840	-10.7000	4.9733	109.9000	600.0000
93230	4.9840	-11.0100	4.9730	120.6000	601.0000
93333	4.9800	-12.1200	4.9679	107.7000	537.0000
93436	4.9840	-10.6500	4.9734	106.9000	532.0000
93539	4.9880	-10.9300	4.9771	107.1000	534.0000
93642	4.9840	-11.0000	4.9730	107.1000	534.0000
93745	4.9840	-10.9100	4.9731	106.4000	542.0000
93848	4.9880	-10.6700	4.9773	108.0000	539.0000
93951	4.9840	-11.1500	4.9729	107.2000	534.0000
94054	4.9880	-10.6800	4.9773	109.4000	595.0000
94157	4.9760	-13.0800	4.9629	109.8000	547.0000
94260	4.9760	-11.4900	4.9645	113.7000	536.0000
94363	4.9880	-10.6300	4.9774	107.6000	536.0000
94466	4.9880	-10.7100	4.9773	107.6000	536.0000
94569	4.9880	-10.6800	4.9773	107.6000	565.0000
94672	4.9880	-10.8700	4.9771	106.9000	532.0000
94775	4.9720	-10.7200	4.9613	124.4000	619.0000
94878	4.9840	-10.7800	4.9732	109.6000	531.0000
94981	4.9640	-11.2000	4.9528	107.6000	537.0000
95084	4.9800	-10.6600	4.9693	109.9000	547.0000
95187	4.9840	-10.7500	4.9733	113.5000	537.0000
95290	4.9880	-11.0100	4.9770	107.0000	532.0000
95393	4.9840	-10.9100	4.9731	125.4000	546.0000
95496	4.9840	-10.9100	4.9731	108.7000	532.0000
95599	4.9880	-10.7800	4.9772	107.3000	534.0000
95702	4.9840	-10.7200	4.9733	106.9000	536.0000
95805	4.9880	-10.7700	4.9772	120.0000	596.0000
95908	4.9840	-12.5900	4.9714	107.2000	534.0000
96011	4.9840	-10.9900	4.9730	107.5000	546.0000
96114	4.9840	-11.0400	4.9730	107.4000	536.0000
96217	4.9840	-10.6900	4.9733	107.4000	536.0000
96320	4.9840	-10.7100	4.9733	106.9000	552.0000
96423	4.9880	-10.7400	4.9773	108.0000	539.0000
96526	4.9840	-10.6200	4.9734	107.3000	534.0000
96629	4.9680	-12.6200	4.9554	126.4000	616.0000
96732	4.9760	-12.0300	4.9640	127.2000	632.0000
96835	4.9720	-12.4800	4.9595	119.9000	613.0000
96938	4.9720	-12.0000	4.9600	121.1000	598.0000
97041	4.9880	-10.7200	4.9773	109.5000	546.0000
97144	4.9840	-10.6800	4.9733	107.0000	539.0000
97247	4.9840	-10.7800	4.9732	107.5000	536.0000
97350	4.9800	-10.9200	4.9691	108.4000	539.0000
97453	4.9840	-10.7400	4.9733	107.2000	585.0000
97556	4.9720	-11.4000	4.9606	115.3000	573.0000
97659	4.9840	-10.6800	4.9733	107.0000	534.0000
97762	4.9800	-10.7700	4.9692	114.3000	532.0000
97865	4.9880	-10.6700	4.9773	107.4000	534.0000
97968	4.9840	-10.9000	4.9731	108.9000	542.0000
98071	4.9840	-10.7300	4.9733	107.0000	532.0000
98174	4.9840	-11.3700	4.9726	106.5000	531.0000
98277	4.9840	-10.7300	4.9733	106.5000	531.0000
98380	4.9840	-10.6700	4.9733	119.7000	605.0000
98483	4.9680	-13.1500	4.9548	110.2000	549.0000
98586	4.9840	-11.4200	4.9726	106.7000	532.0000
98689	4.9840	-10.6500	4.9734	107.3000	534.0000
98792	4.9840	-10.7500	4.9733	108.1000	539.0000
98895	4.9800	-10.9700	4.9690	107.6000	534.0000
98998	4.9840	-10.7200	4.9733	121.1000	603.0000
99101	4.9840	-10.8300	4.9732	108.4000	537.0000
99204	4.9840	-10.7300	4.9733	107.8000	608.0000
99307	4.9760	-12.0400	4.9640	107.0000	532.0000
99410	4.9840	-10.7000	4.9733	107.2000	534.0000
99513	4.9760	-11.8900	4.9641	115.5000	587.0000
99616	4.9840	-10.9100	4.9731	107.3000	534.0000
99719	4.9840	-10.8000	4.9732	106.2000	529.0000
99822	4.9840	-10.6600	4.9733	106.1000	529.0000
99925	4.9880	-12.6100	4.9754	106.5000	531.0000
100028	4.9840	-10.7000	4.9733	106.0000	528.0000
100131	4.9760	-11.7000	4.9643	121.3000	534.0000
100234	4.9880	-10.7400	4.9773	107.2000	534.0000
100337	4.9840	-10.7100	4.9733	107.5000	569.0000
100440	4.9880	-10.5900	4.9774	109.9000	547.0000
100543	4.9880	-10.6700	4.9773	106.4000	531.0000
100646	4.9880	-10.7300	4.9773	107.1000	532.0000
100749	4.9840	-10.6600	4.9733	106.4000	531.0000
100852	4.9840	-10.7400	4.9733	107.2000	534.0000
100955	4.9840	-10.8100	4.9732	120.6000	603.0000
101058	4.9800	-10.6700	4.9693	105.8000	528.0000
101161	4.9840	-10.5900	4.9734	106.4000	531.0000
101264	4.9880	-10.6700	4.9773	107.4000	531.0000
101367	4.9880	-10.7800	4.9772	106.6000	531.0000
101470	4.9800	-11.0200	4.9690	121.2000	534.0000
101573	4.9640	-12.7000	4.9513	125.4000	629.0000
101676	4.9680	-13.8800	4.9541	127.4000	632.0000
101779	4.9600	-13.5600	4.9464	138.1000	606.0000
101882	4.9720	-11.9700	4.9600	119.1000	657.0000
101985	4.9840	-10.7100	4.9733	109.5000	546.0000
102088	4.9800	-10.6700	4.9693	106.7000	534.0000
102191	4.9840	-10.6900	4.9733	107.5000	539.0000
102294	4.9800	-11.4600	4.9685	106.5000	529.0000
102397	4.9800	-10.7200	4.9693	107.1000	536.0000
102500	4.9800	-10.6900	4.9693	124.2000	619.0000
102603	4.9840	-10.6000	4.9734	107.3000	534.0000
102706	4.9680	-11.9700	4.9560	124.0000	537.0000
102809	4.9840	-10.6900	4.9733	107.0000	532.0000
102912	4.9840	-10.6000	4.9734	106.4000	529.0000
103015	4.9800	-10.6900	4.9693	107.5000	534.0000
103118	4.9800	-10.6500	4.9693	107.3000	534.0000
103221	4.9840	-10.7500	4.9733	106.6000	531.0000
103324	4.9840	-10.5500	4.9735	107.2000	531.0000
103427	4.9840	-10.7000	4.9733	114.1000	569.0000
103530	4.9720	-10.7900	4.9612	119.6000	593.0000
103633	4.9800	-10.7300	4.9693	107.2000	534.0000
103736	4.9680	-10.7300	4.9573	109.7000	547.0000
103839	4.9800	-10.7200	4.9693	106.5000	529.0000
103942	4.9840	-10.5900	4.9734	105.4000	526.0000
104045	4.9800	-10.7500	4.9693	113.4000	565.0000
104148	4.9800	-10.8000	4.9692	114.9000	572.0000
104251	4.9840	-10.6500	4.9734	110.6000	531.0000
104354	4.9840	-10.7700	4.9732	113.0000	562.0000
104457	4.9800	-11.5000	4.9685	107.7000	537.0000
104560	4.9840	-10.9400	4.9731	106.8000	532.0000
104663	4.9840	-10.6100	4.9734	106.1000	528.0000
104766	4.9840	-10.8800	4.9731	105.6000	526.0000
104869	4.9800	-11.4000	4.9686	106.2000	532.0000
104972	4.9760	-12.4700	4.9635	106.1000	529.0000
105075	4.9840	-10.6400	4.9734	105.9000	570.0000
105178	4.9800	-11.1000	4.9689	106.7000	536.0000
105281	4.9760	-10.6800	4.9653	106.1000	529.0000
105384	4.9840	-10.5600	4.9734	105.6000	528.0000
105487	4.9880	-10.7900	4.9772	105.7000	528.0000
105590	4.9880	-11.6600	4.9763	107.2000	534.0000
105693	4.9840	-12.0900	4.9719	107.3000	619.0000
105796	4.9800	-10.9900	4.9690	106.4000	531.0000
105899	4.9840	-10.7200	4.9733	125.6000	624.0000
106002	4.9840	-11.0400	4.9730	109.5000	537.0000
106105	4.9760	-14.8000	4.9612	123.0000	613.0000
106208	4.9840	-10.6200	4.9734	105.7000	528.0000
106311	4.9840	-10.7100	4.9733	105.9000	528.0000
106414	4.9840	-11.7000	4.9723	106.1000	529.0000
106517	4.9840	-11.2900	4.9727	106.4000	546.0000
106620	4.9640	-12.6800	4.9513	128.6000	628.0000
106723	4.9680	-12.9600	4.9550	128.8000	639.0000
106826	4.9640	-12.7700	4.9512	127.8000	636.0000
106929	4.9840	-10.6400	4.9734	106.5000	591.0000
107032	4.9720	-12.0500	4.9599	106.0000	526.0000
107135	4.9840	-10.6700	4.9733	106.7000	552.0000
107238	4.9840	-12.4600	4.9715	113.7000	565.0000
107341	4.9880	-10.6500	4.9773	106.5000	531.0000
107444	4.9840	-10.6900	4.9733	107.8000	529.0000
107547	4.9840	-10.5600	4.9734	106.4000	531.0000
107650	4.9880	-10.6700	4.9773	106.8000	532.0000
107753	4.9720	-15.4300	4.9566	106.9000	532.0000
107856	4.9720	-11.0100	4.9610	111.2000	554.0000
107959	4.9840	-10.7200	4.9733	106.9000	531.0000
108062	4.9840	-10.7700	4.9732	109.8000	532.0000
108165	4.9880	-10.8000	4.9772	113.3000	565.0000
108268	4.9840	-10.5600	4.9734	124.0000	618.0000
108371	4.9840	-10.6900	4.9733	105.9000	528.0000
108474	4.9880	-10.6100	4.9774	106.0000	528.0000
108577	4.9880	-10.7300	4.9773	107.9000	539.0000
108680	4.9800	-10.7000	4.9693	119.4000	595.0000
108783	4.9880	-11.1800	4.9768	106.7000	532.0000
108886	4.9840	-10.6700	4.9733	106.4000	528.0000
108989	4.9880	-10.5900	4.9774	106.9000	532.0000
109092	4.9840	-10.6200	4.9734	106.3000	529.0000
109195	4.9880	-10.6100	4.9774	106.2000	532.0000
109298	4.9880	-10.6600	4.9773	106.2000	529.0000
109401	4.9840	-10.6300	4.9734	106.3000	529.0000
109504	4.9880	-10.6200	4.9774	106.7000	596.0000
109607	4.9760	-12.0300	4.9640	105.7000	528.0000
109710	4.9840	-10.5400	4.9735	105.6000	532.0000
109813	4.9840	-10.9300	4.9731	123.8000	618.0000
109916	4.9880	-10.6500	4.9773	106.8000	531.0000
110019	4.9840	-10.6300	4.9734	107.1000	532.0000
110122	4.9880	-10.9100	4.9771	106.6000	532.0000
110225	4.9880	-10.5900	4.9774	106.6000	531.0000
110328	4.9880	-10.6900	4.9773	106.4000	529.0000
110431	4.9760	-10.8400	4.9652	107.6000	536.0000
110534	4.9840	-10.5600	4.9734	108.4000	541.0000
110637	4.9880	-10.6400	4.9774	105.9000	529.0000
110740	4.9880	-10.6900	4.9773	106.5000	531.0000
110843	4.9840	-10.7400	4.9733	107.0000	532.0000
110946	4.9880	-10.9700	4.9770	108.6000	541.0000
111049	4.9880	-10.6700	4.9773	106.1000	529.0000
111152	4.9880	-10.6300	4.9774	106.5000	531.0000
111255	4.9880	-10.8100	4.9772	122.1000	608.0000
111358	4.9840	-10.6100	4.9734	109.6000	546.0000
111461	4.9840	-12.9900	4.9710	109.5000	529.0000
111564	4.9680	-12.8300	4.9552	125.9000	624.0000
111667	4.9680	-12.9600	4.9550	129.5000	642.0000
111770	4.9640	-12.6300	4.9514	126.1000	628.0000
111873	4.9760	-12.8800	4.9631	120.2000	598.0000
111976	4.9880	-10.6000	4.9774	106.6000	531.0000
112079	4.9840	-10.9300	4.9731	108.2000	601.0000
112182	4.9760	-11.9500	4.9640	107.3000	534.0000
112285	4.9840	-10.6800	4.9733	106.9000	532.0000
112388	4.9840	-10.7000	4.9733	116.8000	559.0000
112491	4.9840	-10.7000	4.9733	106.6000	531.0000
112594	4.9840	-11.4300	4.9726	106.9000	531.0000
112697	4.9840	-10.7900	4.9732	108.2000	539.0000
112800	4.9840	-11.9400	4.9721	109.7000	546.0000
112903	4.9800	-10.6400	4.9694	106.2000	605.0000
113006	4.9680	-11.4100	4.9566	106.5000	531.0000
113109	4.9840	-10.8900	4.9731	107.3000	534.0000
113212	4.9800	-10.8800	4.9691	107.1000	562.0000
113315	4.9840	-10.7400	4.9733	107.6000	536.0000
113418	4.9800	-10.7000	4.9693	108.0000	537.0000
113521	4.9640	-10.6500	4.9534	108.9000	541.0000
113624	4.9840	-10.6500	4.9734	118.7000	590.0000
113727	4.9840	-10.6800	4.9733	105.8000	528.0000
113830	4.9800	-10.7700	4.9692	120.8000	619.0000
113933	4.9840	-10.6300	4.9734	106.3000	529.0000
114036	4.9840	-10.8900	4.9731	109.8000	547.0000
114139	4.9800	-12.4200	4.9676	106.8000	623.0000
114242	4.9680	-10.9100	4.9571	113.5000	565.0000
114345	4.9840	-10.6300	4.9734	106.8000	532.0000
114448	4.9840	-10.5800	4.9734	106.8000	531.0000
114551	4.9840	-11.4500	4.9726	107.1000	532.0000
114654	4.9800	-12.4300	4.9676	107.1000	532.0000
114757	4.9600	-12.9300	4.9471	122.0000	596.0000
114860	4.9840	-11.0100	4.9730	125.9000	628.0000
114963	4.9800	-10.9200	4.9691	110.6000	551.0000
115066	4.9800	-10.9800	4.9690	113.8000	531.0000
115169	4.9840	-10.6600	4.9733	125.1000	623.0000
115272	4.9800	-10.6700	4.9693	106.8000	532.0000
115375	4.9800	-11.5200	4.9685	112.8000	608.0000
115478	4.9840	-10.8600	4.9731	108.8000	542.0000
115581	4.9680	-12.0100	4.9560	115.5000	532.0000
115684	4.9840	-10.6600	4.9733	106.4000	624.0000
115787	4.9840	-11.0900	4.9729	106.7000	532.0000
115890	4.9800	-11.0800	4.9689	124.1000	555.0000
115993	4.9840	-10.7200	4.9733	107.3000	534.0000
116096	4.9840	-10.8000	4.9732	107.2000	534.0000
116199	4.9800	-10.7800	4.9692	106.7000	531.0000
116302	4.9840	-10.6400	4.9734	106.7000	532.0000
116405	4.9840	-12.1300	4.9719	120.4000	598.0000
116508	4.9840	-10.6500	4.9734	107.0000	532.0000
116611	4.9680	-12.5600	4.9554	126.6000	629.0000
116714	4.9640	-12.7400	4.9513	127.2000	631.0000
116817	4.9640	-12.7100	4.9513	128.0000	629.0000
116920	4.9840	-10.7600	4.9732	122.9000	611.0000
117023	4.9840	-10.8200	4.9732	106.9000	532.0000
117126	4.9840	-10.6000	4.9734	106.4000	531.0000
117229	4.9720	-10.5900	4.9614	116.9000	580.0000
117332	4.9800	-12.1100	4.9679	116.1000	578.0000
117435	4.9800	-10.7300	4.9693	107.2000	534.0000
117538	4.9840	-10.7100	4.9733	107.3000	534.0000
117641	4.9840	-10.6200	4.9734	106.8000	532.0000
117744	4.9840	-10.6400	4.9734	107.1000	529.0000
117847	4.9840	-10.8200	4.9732	102.4000	511.0000
117950	4.9800	-10.5700	4.9694	106.8000	532.0000
118053	4.9840	-10.7900	4.9732	107.5000	544.0000
118156	4.9720	-10.9000	4.9611	107.9000	537.0000
118259	4.9760	-10.8600	4.9651	114.9000	572.0000
118362	4.9800	-10.9900	4.9690	108.7000	542.0000
118465	4.9840	-11.3700	4.9726	107.7000	534.0000
118568	4.9840	-12.4400	4.9716	106.1000	529.0000
118671	4.9720	-10.6100	4.9614	109.8000	529.0000
118774	4.9840	-12.3600	4.9716	106.9000	532.0000
118877	4.9840	-10.7900	4.9732	105.5000	541.0000
118980	4.9840	-10.6400	4.9734	116.3000	596.0000
119083	4.9720	-10.9700	4.9610	106.1000	529.0000
119186	4.9800	-10.7200	4.9693	108.0000	528.0000
119289	4.9840	-10.5900	4.9734	105.9000	528.0000
119392	4.9800	-10.6200	4.9694	105.7000	526.0000
119495	4.9800	-10.6600	4.9693	106.8000	536.0000
119598	4.9840	-10.6600	4.9733	106.7000	532.0000
119701	4.9840	-11.0500	4.9729	106.4000	531.0000
119804	4.9840	-10.5800	4.9734	106.1000	600.0000
119907	4.9720	-12.1700	4.9598	110.0000	547.0000
120010	4.9800	-10.8800	4.9691	109.1000	544.0000
120113	4.9840	-10.6400	4.9734	106.7000	532.0000
120216	4.9840	-12.5200	4.9715	107.6000	536.0000
120319	4.9800	-10.5900	4.9694	111.4000	554.0000
120422	4.9840	-10.6700	4.9733	107.1000	542.0000
120525	4.9800	-10.6600	4.9693	106.2000	529.0000
120628	4.9840	-11.4800	4.9725	114.8000	572.0000
120731	4.9720	-11.7300	4.9603	119.0000	532.0000
120834	4.9840	-10.6500	4.9734	107.4000	536.0000
120937	4.9800	-10.6900	4.9693	107.5000	531.0000
121040	4.9840	-10.6900	4.9733	106.9000	537.0000
121143	4.9880	-10.6700	4.9773	106.6000	531.0000
121246	4.9840	-10.7100	4.9733	124.6000	544.0000
121349	4.9840	-10.6900	4.9733	107.5000	536.0000
121452	4.9840	-10.6900	4.9733	106.3000	529.0000
121555	4.9680	-12.6900	4.9553	119.8000	613.0000
121658	4.9640	-12.6400	4.9514	126.5000	628.0000
121761	4.9680	-12.8800	4.9551	126.0000	624.0000
121864	4.9680	-12.0000	4.9560	121.3000	595.0000
121967	4.9840	-10.6200	4.9734	105.9000	528.0000
122070	4.9840	-10.6600	4.9733	107.0000	532.0000
122173	4.9840	-11.4100	4.9726	106.5000	532.0000
122276	4.9840	-10.9600	4.9730	106.3000	529.0000
122379	4.9800	-10.7700	4.9692	108.8000	541.0000
122482	4.9800	-12.0000	4.9680	107.0000	526.0000
122585	4.9840	-10.7000	4.9733	107.4000	534.0000
122688	4.9840	-10.6300	4.9734	107.6000	536.0000
122791	4.9840	-10.6200	4.9734	113.7000	539.0000
122894	4.9840	-10.8500	4.9732	108.7000	542.0000
122997	4.9840	-10.6600	4.9733	101.4000	506.0000
123100	4.9720	-10.1900	4.9618	102.2000	505.0000
123203	4.9880	-10.7200	4.9773	107.7000	537.0000
123306	4.9760	-11.5700	4.9644	113.5000	567.0000
123409	4.9840	-10.8000	4.9732	105.6000	531.0000
123512	4.9880	-10.5400	4.9775	106.6000	531.0000
123615	4.9880	-10.3000	4.9777	101.0000	505.0000
123718	4.9840	-10.6400	4.9734	107.5000	536.0000
123821	4.9880	-10.4100	4.9776	101.4000	506.0000
123924	4.9840	-10.7100	4.9733	106.9000	514.0000
124027	4.9840	-12.5000	4.9715	106.6000	531.0000
124130	4.9800	-10.0700	4.9699	117.1000	582.0000
124233	4.9680	-10.8400	4.9572	104.7000	511.0000
124336	4.9840	-10.6500	4.9734	107.0000	532.0000
124439	4.9800	-10.6700	4.9693	122.4000	609.0000
124542	4.9840	-10.6400	4.9734	106.7000	534.0000
124645	4.9840	-10.7300	4.9733	109.2000	544.0000
124748	4.9800	-10.6000	4.9694	106.5000	529.0000
124851	4.9720	-11.7300	4.9603	111.4000	564.0000
124954	4.9840	-10.6200	4.9734	108.2000	537.0000
125057	4.9840	-11.7800	4.9722	107.1000	547.0000
125160	4.9840	-10.6700	4.9733	117.1000	534.0000
125263	4.9840	-10.6800	4.9733	107.1000	534.0000
125366	4.9840	-10.6700	4.9733	107.3000	532.0000
125469	4.9880	-10.7200	4.9773	106.2000	528.0000
125572	4.9880	-10.6900	4.9773	106.5000	531.0000
125675	4.9840	-10.6800	4.9733	109.6000	544.0000
125778	4.9840	-10.7000	4.9733	111.0000	554.0000
125881	4.9680	-10.6900	4.9573	111.9000	557.0000
125984	4.9840	-10.6700	4.9733	106.4000	531.0000
126087	4.9800	-10.7000	4.9693	107.0000	532.0000
126190	4.9840	-11.3900	4.9726	101.3000	505.0000
126293	4.9840	-10.6100	4.9734	106.7000	532.0000
126396	4.9880	-10.6200	4.9774	106.6000	531.0000
126499	4.9800	-12.4400	4.9676	106.5000	529.0000
126602	4.9640	-12.6100	4.9514	126.9000	626.0000
126705	4.9640	-12.6200	4.9514	122.9000	611.0000
126808	4.9520	-12.7400	4.9393	129.1000	641.0000
126911	4.9720	-11.8800	4.9601	125.6000	618.0000
127014	4.9880	-12.5200	4.9755	108.5000	541.0000
127117	4.9760	-10.6600	4.9653	111.0000	554.0000
127220	4.9840	-10.6600	4.9733	107.4000	536.0000
127323	4.9840	-10.7200	4.9733	124.1000	619.0000
127426	4.9840	-10.5900	4.9734	124.7000	621.0000
127529	4.9840	-12.4700	4.9715	110.0000	582.0000
127632	4.9720	-13.4500	4.9585	107.0000	532.0000
127735	4.9800	-10.6100	4.9694	114.1000	562.0000
127838	4.9840	-10.6500	4.9734	107.5000	536.0000
127941	4.9840	-10.7800	4.9732	107.1000	534.0000
128044	4.9800	-10.9300	4.9691	108.7000	536.0000
128147	4.9840	-10.6800	4.9733	125.4000	623.0000
128250	4.9800	-10.6400	4.9694	106.8000	532.0000
128353	4.9840	-10.6900	4.9733	106.7000	531.0000
128456	4.9760	-10.9100	4.9651	106.6000	531.0000
128559	4.9840	-10.9400	4.9731	105.8000	528.0000
128662	4.9760	-10.7500	4.9653	108.0000	532.0000
128765	4.9800	-10.6400	4.9694	101.3000	505.0000
128868	4.9800	-10.7400	4.9693	125.0000	623.0000
128971	4.9840	-10.9300	4.9731	108.1000	532.0000
129074	4.9840	-10.8100	4.9732	107.1000	534.0000
129177	4.9880	-10.3700	4.9776	101.1000	505.0000
129280	4.9680	-11.3100	4.9567	117.5000	596.0000
129383	4.9840	-11.3800	4.9726	106.8000	532.0000
129486	4.9880	-10.0900	4.9779	100.9000	513.0000
129589	4.9840	-10.6600	4.9733	107.3000	537.0000
129692	4.9840	-10.7900	4.9732	106.8000	532.0000
129795	4.9840	-10.7400	4.9733	106.8000	565.0000
129898	4.9840	-10.7000	4.9733	107.0000	534.0000
130001	4.9720	-10.6800	4.9613	112.1000	559.0000
130104	4.9880	-10.3200	4.9777	101.7000	570.0000
130207	4.9760	-11.9900	4.9640	101.1000	505.0000
130310	4.9880	-10.0900	4.9779	101.7000	508.0000
130413	4.9800	-13.0900	4.9669	107.1000	531.0000
130516	4.9880	-12.3400	4.9757	106.2000	529.0000
130619	4.9840	-10.6900	4.9733	106.2000	529.0000
130722	4.9840	-10.6400	4.9734	106.1000	552.0000
130825	4.9880	-10.8400	4.9772	107.7000	536.0000
130928	4.9800	-10.8600	4.9691	109.1000	544.0000
131031	4.9720	-11.3600	4.9606	120.1000	534.0000
131134	4.9840	-10.6600	4.9733	106.8000	532.0000
131237	4.9840	-10.6400	4.9734	106.4000	531.0000
131340	4.9840	-10.6100	4.9734	106.8000	532.0000
131443	4.9840	-10.7800	4.9732	106.3000	529.0000
131546	4.9640	-12.6500	4.9514	126.0000	631.0000
131649	4.9680	-12.8800	4.9551	125.9000	624.0000
131752	4.9680	-12.6200	4.9554	159.9000	793.0000
131855	4.9720	-11.9000	4.9601	121.5000	598.0000
131958	4.9840	-10.8500	4.9732	108.2000	539.0000
132061	4.9880	-10.6200	4.9774	108.6000	541.0000
132164	4.9800	-10.6400	4.9694	110.1000	539.0000
132267	4.9840	-10.7900	4.9732	106.3000	529.0000
132370	4.9840	-12.4600	4.9715	106.5000	529.0000
132473	4.9840	-10.9400	4.9731	106.9000	608.0000
132576	4.9800	-10.8700	4.9691	106.3000	529.0000
132679	4.9800	-11.3700	4.9686	113.1000	562.0000
132782	4.9800	-11.9200	4.9681	105.8000	588.0000
132885	4.9840	-10.6800	4.9733	108.0000	539.0000
132988	4.9800	-10.9500	4.9690	107.5000	536.0000
133091	4.9840	-10.6500	4.9734	106.5000	537.0000
133194	4.9840	-10.7400	4.9733	106.2000	529.0000
133297	4.9800	-10.7000	4.9693	106.0000	528.0000
133400	4.9840	-10.8100	4.9732	107.3000	565.0000
133503	4.9840	-11.0500	4.9729	106.7000	531.0000
133606	4.9720	-12.0800	4.9599	118.0000	537.0000
133709	4.9840	-11.9100	4.9721	106.5000	611.0000
133812	4.9840	-10.6000	4.9734	106.4000	531.0000
133915	4.9840	-10.5600	4.9734	106.0000	532.0000
134018	4.9840	-10.6200	4.9734	107.0000	532.0000
134121	4.9840	-10.6500	4.9734	107.0000	532.0000
134224	4.9840	-10.6500	4.9734	106.9000	534.0000
134327	4.9840	-10.7900	4.9732	121.5000	605.0000
134430	4.9720	-10.7000	4.9613	131.1000	652.0000
134533	4.9760	-10.6600	4.9653	106.9000	551.0000
134636	4.9800	-10.8700	4.9691	108.5000	541.0000
134739	4.9840	-10.7600	4.9732	125.3000	623.0000
134842	4.9840	-10.7500	4.9733	108.0000	583.0000
134945	4.9840	-10.7100	4.9733	106.7000	532.0000
135048	4.9840	-10.7900	4.9732	107.3000	534.0000
135151	4.9840	-10.6600	4.9733	105.5000	539.0000
135254	4.9840	-10.6100	4.9734	107.0000	532.0000
135357	4.9840	-11.8800	4.9721	123.0000	613.0000
135460	4.9840	-12.4800	4.9715	106.4000	549.0000
135563	4.9840	-10.6100	4.9734	124.5000	621.0000
135666	4.9840	-10.6700	4.9733	106.5000	628.0000
135769	4.9720	-12.0200	4.9600	120.0000	595.0000
135872	4.9840	-10.7200	4.9733	109.2000	544.0000
135975	4.9680	-10.8100	4.9572	114.0000	529.0000
136078	4.9800	-12.0200	4.9680	106.6000	531.0000
136181	4.9720	-10.7500	4.9613	111.8000	557.0000
136284	4.9800	-10.5900	4.9694	107.4000	542.0000
136387	4.9840	-11.4800	4.9725	107.5000	536.0000
136490	4.9800	-10.8900	4.9691	107.5000	536.0000
136593	4.9680	-12.5600	4.9554	125.6000	649.0000
136696	4.9640	-13.9500	4.9501	126.3000	628.0000
136799	4.9640	-13.8500	4.9502	126.7000	629.0000
136902	4.9720	-12.3300	4.9597	119.5000	598.0000
137005	4.9840	-10.7000	4.9733	119.6000	595.0000
137108	4.9840	-10.6800	4.9733	107.9000	537.0000
137211	4.9840	-11.1400	4.9729	106.5000	641.0000
137314	4.9840	-10.7300	4.9733	106.8000	531.0000
137417	4.9640	-10.9400	4.9531	106.1000	529.0000
137520	4.9880	-10.6700	4.9773	106.5000	541.0000
137623	4.9880	-10.8500	4.9771	107.0000	532.0000
137726	4.9800	-10.8500	4.9692	109.6000	546.0000
137829	4.9840	-10.7200	4.9733	108.0000	577.0000
137932	4.9720	-11.9600	4.9600	105.4000	524.0000
138035	4.9840	-10.6000	4.9734	106.9000	529.0000
138138	4.9880	-10.6000	4.9774	107.5000	536.0000
138241	4.9880	-10.6700	4.9773	106.0000	528.0000
138344	4.9800	-10.7400	4.9693	106.5000	516.0000
138447	4.9720	-10.6300	4.9614	103.9000	518.0000
138550	4.9800	-10.7600	4.9692	107.4000	536.0000
138653	4.9840	-10.6900	4.9733	106.7000	534.0000
138756	4.9760	-10.7000	4.9653	107.5000	536.0000
138859	4.9800	-10.3200	4.9697	127.4000	636.0000
138962	4.9840	-10.6600	4.9733	106.1000	529.0000
139065	4.9840	-10.6600	4.9733	106.6000	531.0000
139168	4.9800	-11.0700	4.9689	109.1000	544.0000
139271	4.9840	-10.9700	4.9730	110.3000	532.0000
139374	4.9880	-10.6800	4.9773	106.7000	532.0000
139477	4.9800	-10.8900	4.9691	108.7000	531.0000
139580	4.9840	-10.8800	4.9731	112.5000	601.0000
139683	4.9880	-11.3200	4.9767	107.0000	532.0000
139786	4.9800	-10.8100	4.9692	109.1000	536.0000
139889	4.9840	-10.6800	4.9733	108.4000	539.0000
139992	4.9880	-11.4800	4.9765	110.4000	551.0000
140095	4.9840	-10.6700	4.9733	123.9000	532.0000
140198	4.9880	-12.5600	4.9754	124.3000	619.0000
140301	4.9760	-11.6800	4.9643	107.7000	536.0000
140404	4.9720	-10.7200	4.9613	109.3000	593.0000
140507	4.9600	-12.0100	4.9480	109.3000	544.0000
140610	4.9800	-10.9200	4.9691	108.0000	539.0000
140713	4.9800	-11.3600	4.9686	107.6000	526.0000
140816	4.9880	-10.5800	4.9774	118.1000	588.0000
140919	4.9840	-10.9800	4.9730	107.9000	537.0000
141022	4.9840	-10.6700	4.9733	107.5000	534.0000
141125	4.9840	-10.7200	4.9733	108.9000	542.0000
141228	4.9840	-10.6200	4.9734	106.8000	531.0000
141331	4.9680	-11.1100	4.9569	107.5000	536.0000
141434	4.9840	-10.6800	4.9733	107.3000	534.0000
141537	4.9640	-12.6100	4.9514	126.4000	705.0000
141640	4.9680	-12.5900	4.9554	126.9000	629.0000
141743	4.9680	-12.7400	4.9553	127.3000	632.0000
141846	4.9720	-11.9500	4.9601	120.6000	596.0000
141949	4.9840	-10.8400	4.9732	109.6000	546.0000
142052	4.9880	-10.7900	4.9772	107.5000	536.0000
142155	4.9840	-10.8200	4.9732	117.9000	606.0000
142258	4.9880	-10.6000	4.9774	106.4000	531.0000
142361	4.9840	-10.6800	4.9733	105.6000	524.0000
142464	4.9680	-10.7700	4.9572	107.7000	536.0000
142567	4.9840	-10.6200	4.9734	107.8000	537.0000
142670	4.9760	-11.4800	4.9645	106.8000	532.0000
142773	4.9840	-11.3700	4.9726	108.3000	516.0000
142876	4.9840	-10.5500	4.9735	106.4000	531.0000
142979	4.9840	-10.8100	4.9732	106.6000	531.0000
143082	4.9760	-12.0100	4.9640	106.7000	603.0000
143185	4.9840	-10.6900	4.9733	106.9000	532.0000
143288	4.9760	-10.3400	4.9657	108.0000	564.0000
143391	4.9840	-10.5300	4.9735	108.8000	542.0000
143494	4.9840	-10.3800	4.9736	105.0000	523.0000
143597	4.9840	-10.5400	4.9735	104.8000	521.0000
143700	4.9840	-10.4800	4.9735	104.9000	523.0000
143803	4.9800	-10.5800	4.9694	105.9000	528.0000
143906	4.9720	-11.4800	4.9605	117.4000	588.0000
144009	4.9880	-10.4700	4.9775	104.7000	523.0000
144112	4.9880	-10.4800	4.9775	126.7000	631.0000
144215	4.9840	-10.7600	4.9732	124.9000	536.0000
144318	4.9880	-10.5300	4.9775	106.9000	532.0000
144421	4.9840	-10.5600	4.9734	104.9000	523.0000
144524	4.9880	-10.5600	4.9774	105.5000	524.0000
144627	4.9880	-10.4600	4.9775	104.2000	519.0000
144730	4.9840	-10.4700	4.9735	130.7000	578.0000
144833	4.9880	-10.6900	4.9773	105.0000	521.0000
144936	4.9840	-10.6200	4.9734	104.4000	521.0000
145039	4.9880	-10.4500	4.9776	104.8000	596.0000
145142	4.9880	-10.4400	4.9776	104.4000	521.0000
145245	4.9840	-10.7200	4.9733	105.6000	526.0000
145348	4.9840	-10.4200	4.9736	105.0000	606.0000
145451	4.9880	-10.5700	4.9774	105.0000	523.0000
145554	4.9840	-10.4500	4.9736	105.9000	528.0000
145657	4.9800	-11.9300	4.9681	105.3000	524.0000
145760	4.9880	-10.6300	4.9774	105.8000	528.0000
145863	4.9800	-11.0000	4.9690	106.2000	529.0000
145966	4.9840	-10.5400	4.9735	107.5000	523.0000
146069	4.9880	-10.5100	4.9775	104.9000	523.0000
146172	4.9840	-10.4900	4.9735	104.0000	523.0000
146275	4.9880	-10.6200	4.9774	111.9000	557.0000
146378	4.9880	-11.4000	4.9766	113.0000	564.0000
146481	4.9760	-11.6500	4.9643	118.2000	531.0000
146584	4.9720	-12.5400	4.9595	121.8000	605.0000
146687	4.9680	-12.7500	4.9552	125.7000	624.0000
146790	4.9720	-12.4300	4.9596	124.5000	619.0000
146893	4.9760	-11.7300	4.9643	118.2000	588.0000
146996	4.9840	-10.6000	4.9734	123.8000	618.0000
147099	4.9840	-10.5100	4.9735	121.2000	513.0000
147202	4.9840	-10.5400	4.9735	106.0000	528.0000
147305	4.9800	-11.0100	4.9690	116.9000	582.0000
147408	4.9880	-10.5200	4.9775	101.8000	567.0000
147511	4.9920	-10.3900	4.9816	103.9000	518.0000
147614	4.9720	-10.1700	4.9618	121.1000	603.0000
147717	4.9880	-10.2600	4.9777	123.9000	547.0000
147820	4.9760	-10.8700	4.9651	105.3000	524.0000
147923	4.9840	-10.9000	4.9731	105.1000	523.0000
148026	4.9880	-10.5400	4.9775	105.8000	528.0000
148129	4.9880	-10.4500	4.9776	104.7000	521.0000
148232	4.9760	-12.9300	4.9631	104.5000	560.0000
148335	4.9880	-10.5200	4.9775	105.6000	526.0000
148438	4.9760	-10.6800	4.9653	105.3000	524.0000
148541	4.9800	-10.6000	4.9694	112.5000	623.0000
148644	4.9880	-10.6400	4.9774	105.3000	526.0000
148747	4.9840	-10.4800	4.9735	106.8000	531.0000
148850	4.9880	-10.5300	4.9775	105.1000	524.0000
148953	4.9880	-10.4400	4.9776	104.6000	521.0000
149056	4.9720	-11.8200	4.9602	119.4000	593.0000
149159	4.9880	-10.4400	4.9776	105.1000	526.0000
149262	4.9880	-10.5000	4.9775	105.4000	526.0000
149365	4.9640	-10.7100	4.9533	105.2000	521.0000
149468	4.9800	-11.8400	4.9682	106.9000	532.0000
149571	4.9760	-10.4800	4.9655	121.7000	606.0000
149674	4.9840	-10.5400	4.9735	105.3000	531.0000
149777	4.9880	-10.7200	4.9773	105.3000	524.0000
149880	4.9760	-10.4600	4.9655	120.0000	596.0000
149983	4.9840	-10.5300	4.9735	105.6000	526.0000
150086	4.9880	-10.5200	4.9775	108.7000	542.0000
150189	4.9840	-10.5300	4.9735	104.2000	519.0000
150292	4.9880	-10.4800	4.9775	104.4000	536.0000
150395	4.9880	-10.5600	4.9774	104.9000	523.0000
150498	4.9800	-10.6900	4.9693	105.2000	557.0000
150601	4.9880	-10.6300	4.9774	107.1000	524.0000
150704	4.9760	-10.5700	4.9654	105.5000	524.0000
150807	4.9800	-11.8500	4.9682	107.8000	529.0000
150910	4.9880	-10.4200	4.9776	104.6000	521.0000
151013	4.9800	-10.5100	4.9695	104.8000	523.0000
151116	4.9680	-10.5200	4.9575	104.9000	523.0000
151219	4.9840	-10.5300	4.9735	105.9000	528.0000
151322	4.9840	-10.4300	4.9736	106.8000	532.0000
151425	4.9840	-10.7500	4.9733	105.3000	521.0000
151528	4.9880	-10.5400	4.9775	104.9000	523.0000
151631	4.9720	-11.7800	4.9602	119.4000	593.0000
151734	4.9680	-12.4300	4.9556	121.3000	603.0000
151837	4.9760	-12.2500	4.9637	115.0000	572.0000
151940	4.9760	-11.4700	4.9645	114.8000	572.0000
152043	4.9880	-10.1900	4.9778	104.6000	536.0000
152146	4.9920	-10.3300	4.9817	105.4000	526.0000
