# INA219 monitor ready | sda=41 scl=42 sample_period_ms=100 calibration=16V_400mA
elapsed_ms	bus_voltage_V	shunt_voltage_mV	load_voltage_V	current_mA	power_mW
14	5.0200	-10.4700	5.0095	104.9000	526.0000
117	5.0240	-10.6100	5.0134	103.8000	521.0000
220	5.0200	-10.4300	5.0096	116.5000	585.0000
323	5.0240	-10.4300	5.0136	104.0000	519.0000
426	5.0200	-10.4200	5.0096	121.1000	608.0000
529	5.0240	-10.3800	5.0136	108.6000	546.0000
632	5.0120	-11.5400	5.0005	132.1000	662.0000
735	5.0240	-10.6200	5.0134	104.0000	523.0000
838	5.0200	-10.3800	5.0096	103.7000	521.0000
941	5.0240	-10.3600	5.0136	103.7000	521.0000
1044	5.0120	-10.4200	5.0016	103.6000	523.0000
1147	5.0240	-11.1400	5.0129	104.6000	524.0000
1250	5.0240	-10.4400	5.0136	105.2000	528.0000
1353	5.0240	-10.4600	5.0135	104.6000	526.0000
1456	5.0240	-10.4600	5.0135	110.2000	585.0000
1559	5.0200	-11.5000	5.0085	100.6000	505.0000
1662	5.0240	-10.4000	5.0136	103.7000	521.0000
1765	5.0280	-10.3400	5.0177	103.5000	519.0000
1868	5.0240	-12.1500	5.0119	103.5000	523.0000
1971	5.0200	-10.4000	5.0096	104.0000	523.0000
2074	5.0240	-10.4700	5.0135	106.4000	526.0000
2177	5.0200	-10.4300	5.0096	103.9000	523.0000
2280	5.0240	-10.4400	5.0136	104.7000	526.0000
2383	5.0160	-11.6700	5.0043	109.1000	549.0000
2486	5.0240	-10.3900	5.0136	103.5000	519.0000
2589	5.0160	-10.4800	5.0055	117.3000	585.0000
2692	5.0240	-12.1000	5.0119	105.3000	529.0000
2795	5.0200	-10.5200	5.0095	106.0000	531.0000
2898	5.0240	-10.4000	5.0136	105.1000	528.0000
3001	5.0200	-10.5200	5.0095	107.5000	532.0000
3104	5.0240	-10.5100	5.0135	111.0000	557.0000
3207	5.0160	-10.9700	5.0050	122.1000	562.0000
3310	5.0240	-10.5200	5.0135	104.4000	524.0000
3413	5.0200	-11.7200	5.0083	104.7000	560.0000
3516	5.0240	-10.4400	5.0136	104.4000	524.0000
3619	5.0240	-10.4200	5.0136	103.9000	578.0000
3722	5.0240	-10.3800	5.0136	103.7000	521.0000
3825	5.0240	-10.3600	5.0136	103.7000	523.0000
3928	5.0200	-10.4500	5.0096	99.2000	498.0000
4031	5.0240	-10.4900	5.0135	117.0000	587.0000
4134	5.0200	-10.7600	5.0092	104.5000	524.0000
4237	5.0240	-10.4800	5.0135	104.7000	526.0000
4340	5.0080	-12.3200	4.9957	123.0000	616.0000
4443	5.0120	-12.3700	4.9996	126.7000	636.0000
4546	5.0120	-12.3600	4.9996	123.4000	624.0000
4649	5.0200	-11.6200	5.0084	116.8000	587.0000
4752	5.0240	-10.4200	5.0136	103.8000	524.0000
4855	5.0240	-10.5600	5.0134	104.4000	524.0000
4958	5.0160	-11.7800	5.0042	110.9000	526.0000
5061	5.0240	-10.5000	5.0135	103.9000	523.0000
5164	5.0240	-10.3700	5.0136	103.7000	523.0000
5267	5.0240	-10.3700	5.0136	103.8000	521.0000
5370	5.0240	-10.4100	5.0136	105.7000	523.0000
5473	5.0200	-10.4000	5.0096	104.4000	524.0000
5576	5.0200	-10.4400	5.0096	104.7000	524.0000
5679	5.0200	-10.4700	5.0095	104.3000	524.0000
5782	5.0200	-10.3800	5.0096	117.1000	588.0000
5885	5.0240	-11.2300	5.0128	103.9000	523.0000
5988	5.0240	-10.3800	5.0136	103.7000	521.0000
6091	5.0120	-10.4000	5.0016	104.6000	526.0000
6194	5.0240	-10.4300	5.0136	104.0000	523.0000
6297	5.0200	-12.0900	5.0079	104.4000	511.0000
6400	5.0240	-10.4500	5.0136	101.1000	508.0000
6503	5.0240	-10.3600	5.0136	100.9000	506.0000
6606	5.0240	-11.2700	5.0127	113.8000	570.0000
6709	5.0240	-11.4400	5.0126	101.3000	524.0000
6812	5.0280	-10.0800	5.0179	104.4000	524.0000
6915	5.0240	-10.5400	5.0135	104.6000	524.0000
7018	5.0200	-10.2500	5.0097	104.6000	524.0000
7121	5.0120	-10.4400	5.0016	103.9000	528.0000
7224	5.0200	-10.3600	5.0096	104.8000	526.0000
7327	5.0200	-10.4500	5.0096	104.9000	526.0000
7430	5.0240	-10.4900	5.0135	105.0000	526.0000
7533	5.0120	-11.8100	5.0002	117.4000	590.0000
7636	5.0200	-10.4800	5.0095	104.6000	524.0000
7739	5.0240	-10.5400	5.0135	104.4000	524.0000
7842	5.0160	-10.4100	5.0056	111.6000	519.0000
7945	5.0240	-10.4100	5.0136	104.0000	523.0000
8048	5.0240	-10.3400	5.0137	103.7000	519.0000
8151	5.0160	-10.3600	5.0056	118.1000	593.0000
8254	5.0240	-10.4000	5.0136	105.6000	514.0000
8357	5.0160	-10.4100	5.0056	118.3000	593.0000
8460	5.0200	-10.4400	5.0096	104.7000	613.0000
8563	5.0160	-10.4600	5.0055	103.8000	521.0000
8666	5.0240	-12.1200	5.0119	105.6000	528.0000
8769	5.0240	-10.4600	5.0135	104.0000	523.0000
8872	5.0240	-10.5300	5.0135	103.5000	521.0000
8975	5.0160	-11.6400	5.0044	116.4000	583.0000
9078	5.0600	-4.1100	5.0559	41.5000	210.0000
9181	5.0560	-4.1900	5.0518	54.3000	274.0000
9284	5.0560	-5.4000	5.0506	40.6000	205.0000
9387	5.0440	-6.0100	5.0380	60.1000	303.0000
9490	5.0480	-6.0300	5.0420	60.5000	305.0000
9593	5.0480	-5.9800	5.0420	59.7000	303.0000
9696	5.0800	-0.9400	5.0791	9.5000	48.0000
9799	5.0760	-0.9400	5.0751	9.4000	48.0000
9902	5.0760	-0.9300	5.0751	9.3000	48.0000
10005	5.0760	-0.9400	5.0751	9.4000	48.0000
10108	5.0800	-0.9400	5.0791	9.4000	48.0000
10211	5.0760	-0.9300	5.0751	9.4000	48.0000
10314	5.0760	-0.9400	5.0751	9.4000	48.0000
10417	5.0760	-0.9400	5.0751	9.4000	48.0000
10520	5.0760	-0.9400	5.0751	9.4000	48.0000
10623	5.0760	-0.9400	5.0751	9.4000	48.0000
10726	5.0760	-0.9300	5.0751	9.5000	48.0000
10829	5.0760	-0.9400	5.0751	9.3000	48.0000
10932	5.0760	-0.9300	5.0751	9.4000	48.0000
11035	5.0760	-0.9400	5.0751	9.4000	48.0000
11138	5.0760	-0.9400	5.0751	9.4000	48.0000
11241	5.0800	-0.9400	5.0791	9.4000	48.0000
11344	5.0760	-0.9400	5.0751	9.4000	48.0000
11447	5.0800	-0.9400	5.0791	9.4000	48.0000
11550	5.0760	-0.9400	5.0751	9.4000	48.0000
11653	5.0720	-0.9400	5.0711	9.4000	48.0000
11756	5.0760	-0.9500	5.0751	9.4000	48.0000
11859	5.0760	-0.9400	5.0751	9.4000	48.0000
11962	5.0760	-0.9400	5.0751	9.4000	48.0000
12065	5.0760	-0.9400	5.0751	9.4000	48.0000
12168	5.0800	-0.9400	5.0791	9.5000	48.0000
12271	5.0760	-0.9400	5.0751	9.4000	48.0000
12374	5.0800	-0.9400	5.0791	9.4000	48.0000
12477	5.0760	-0.9400	5.0751	9.4000	48.0000
12580	5.0760	-0.9400	5.0751	9.4000	48.0000
12683	5.0760	-0.9500	5.0751	9.5000	48.0000
12786	5.0760	-0.9400	5.0751	9.5000	48.0000
12889	5.0760	-0.9400	5.0751	9.5000	48.0000
12992	5.0760	-0.9400	5.0751	9.4000	48.0000
13095	5.0760	-0.9400	5.0751	9.4000	48.0000
13198	5.0760	-0.9400	5.0751	9.3000	48.0000
13301	5.0760	-0.9400	5.0751	9.4000	48.0000
13404	5.0760	-0.9400	5.0751	9.4000	48.0000
13507	5.0800	-0.9400	5.0791	9.5000	48.0000
13610	5.0760	-0.9300	5.0751	9.4000	48.0000
13713	5.0760	-0.9400	5.0751	9.3000	48.0000
13816	5.0760	-0.9400	5.0751	9.4000	48.0000
13919	5.0800	-0.9400	5.0791	9.4000	48.0000
14022	5.0760	-0.9400	5.0751	9.4000	48.0000
14125	5.0760	-0.9400	5.0751	9.4000	48.0000
14228	5.0760	-0.9400	5.0751	9.4000	48.0000
14331	5.0760	-0.9400	5.0751	9.4000	48.0000
14434	5.0800	-0.9400	5.0791	9.4000	48.0000
14537	5.0760	-0.9400	5.0751	9.4000	48.0000
14640	5.0760	-0.9400	5.0751	9.4000	48.0000
14743	5.0760	-0.9400	5.0751	9.4000	48.0000
14846	5.0760	-0.9400	5.0751	9.5000	48.0000
14949	5.0760	-0.9300	5.0751	9.5000	48.0000
15052	5.0800	-0.9500	5.0791	9.3000	48.0000
15155	5.0760	-0.9400	5.0751	9.4000	48.0000
15258	5.0760	-0.9400	5.0751	9.4000	48.0000
15361	5.0760	-0.9400	5.0751	9.4000	48.0000
15464	5.0760	-0.9500	5.0751	9.4000	48.0000
15567	5.0760	-0.9500	5.0751	9.4000	48.0000
15670	5.0760	-0.9300	5.0751	9.4000	48.0000
15773	5.0760	-0.9400	5.0751	9.4000	48.0000
15876	5.0760	-0.9400	5.0751	9.4000	48.0000
15979	5.0800	-0.9300	5.0791	9.3000	48.0000
16082	5.0760	-0.9400	5.0751	9.4000	48.0000
16185	5.0760	-0.9400	5.0751	9.5000	48.0000
16288	5.0760	-0.9400	5.0751	9.4000	48.0000
16391	5.0800	-0.9500	5.0791	9.4000	48.0000
16494	5.0760	-0.9400	5.0751	9.4000	48.0000
16597	5.0800	-0.9400	5.0791	9.4000	48.0000
16700	5.0760	-0.9400	5.0751	9.4000	48.0000
16803	5.0760	-0.9400	5.0751	9.4000	48.0000
16906	5.0760	-0.9400	5.0751	9.4000	48.0000
17009	5.0760	-0.9500	5.0751	9.4000	48.0000
17112	5.0760	-0.9400	5.0751	9.4000	48.0000
17215	5.0760	-0.9400	5.0751	9.4000	48.0000
17318	5.0760	-0.9400	5.0751	9.5000	48.0000
17421	5.0760	-0.9400	5.0751	9.4000	48.0000
17524	5.0800	-0.9500	5.0791	9.4000	48.0000
17627	5.0760	-0.9400	5.0751	9.4000	48.0000
17730	5.0760	-0.9500	5.0751	9.4000	48.0000
17833	5.0760	-0.9400	5.0751	9.4000	48.0000
17936	5.0760	-0.9400	5.0751	9.5000	48.0000
18039	5.0760	-0.9500	5.0751	9.4000	48.0000
18142	5.0760	-0.9400	5.0751	9.5000	48.0000
18245	5.0760	-0.9400	5.0751	9.4000	48.0000
18348	5.0760	-0.9400	5.0751	9.5000	48.0000
18451	5.0760	-0.9500	5.0751	9.4000	48.0000
18554	5.0760	-0.9400	5.0751	9.3000	48.0000
18657	5.0800	-0.9400	5.0791	9.5000	48.0000
18760	5.0760	-0.9400	5.0751	9.5000	48.0000
18863	5.0760	-0.9500	5.0751	9.4000	48.0000
18966	5.0760	-0.9400	5.0751	9.5000	48.0000
19069	5.0800	-0.9400	5.0791	9.4000	48.0000
19172	5.0760	-0.9400	5.0751	9.4000	48.0000
19275	5.0760	-0.9400	5.0751	9.4000	48.0000
19378	5.0760	-0.9400	5.0751	9.4000	48.0000
19481	5.0760	-0.9400	5.0751	9.4000	48.0000
19584	5.0680	-2.5600	5.0654	25.2000	128.0000
19687	5.0480	-6.0600	5.0419	60.9000	308.0000
19790	5.0480	-6.0700	5.0419	60.1000	303.0000
19893	5.0480	-5.9300	5.0421	59.1000	298.0000
19996	5.0560	-5.0000	5.0510	49.7000	251.0000
20099	5.0520	-5.4300	5.0466	51.9000	265.0000
20202	5.0200	-19.1900	5.0008	115.1000	577.0000
20305	5.0120	-11.5500	5.0005	125.8000	590.0000
20408	5.0240	-10.3500	5.0136	104.8000	526.0000
20511	5.0240	-10.5000	5.0135	104.5000	524.0000
20614	5.0240	-10.7700	5.0132	116.4000	585.0000
20717	5.0240	-10.4200	5.0136	104.3000	518.0000
20820	5.0200	-11.6300	5.0084	102.9000	518.0000
20923	5.0240	-10.4100	5.0136	103.7000	554.0000
21026	5.0240	-11.3600	5.0126	103.4000	519.0000
21129	5.0240	-11.3100	5.0127	109.7000	551.0000
21232	5.0200	-11.0800	5.0089	104.7000	526.0000
21335	5.0280	-10.2300	5.0178	103.2000	518.0000
21438	5.0200	-10.4900	5.0095	103.4000	518.0000
21541	5.0240	-10.3100	5.0137	103.2000	518.0000
21644	5.0200	-10.4100	5.0096	116.6000	572.0000
21747	5.0240	-10.4100	5.0136	104.6000	526.0000
21850	5.0240	-10.4000	5.0136	104.2000	526.0000
21953	5.0240	-10.5500	5.0135	103.4000	519.0000
22056	5.0200	-11.3300	5.0087	109.7000	580.0000
22159	5.0240	-10.4300	5.0136	102.9000	518.0000
22262	5.0240	-10.3700	5.0136	111.3000	555.0000
22365	5.0240	-10.3600	5.0136	105.4000	529.0000
22468	5.0160	-10.3900	5.0056	104.7000	528.0000
22571	5.0200	-10.5300	5.0095	104.3000	524.0000
22674	5.0240	-10.3600	5.0136	103.7000	518.0000
22777	5.0240	-10.3100	5.0137	110.1000	552.0000
22880	5.0240	-10.3200	5.0137	104.2000	523.0000
22983	5.0200	-10.3700	5.0096	108.8000	546.0000
23086	5.0200	-11.6100	5.0084	104.9000	528.0000
23189	5.0200	-10.4200	5.0096	104.2000	609.0000
23292	5.0200	-10.6200	5.0094	121.0000	608.0000
23395	5.0200	-10.3700	5.0096	103.9000	518.0000
23498	5.0240	-10.3600	5.0136	103.7000	521.0000
23601	5.0240	-10.9900	5.0130	103.1000	518.0000
23704	5.0240	-10.3400	5.0137	116.6000	585.0000
23807	5.0240	-10.4400	5.0136	104.1000	513.0000
23910	5.0240	-10.3800	5.0136	102.0000	513.0000
24013	5.0240	-10.4500	5.0136	101.3000	505.0000
24116	5.0240	-10.4000	5.0136	100.9000	506.0000
24219	5.0240	-10.0600	5.0139	100.5000	518.0000
24322	5.0240	-10.0400	5.0140	103.2000	518.0000
24425	5.0160	-10.7400	5.0053	116.8000	524.0000
24528	5.0200	-10.3400	5.0097	103.6000	521.0000
24631	5.0240	-10.4900	5.0135	106.3000	534.0000
24734	5.0240	-10.4100	5.0136	103.6000	519.0000
24837	5.0240	-10.4700	5.0135	103.4000	519.0000
24940	5.0240	-10.3200	5.0137	103.9000	519.0000
25043	5.0240	-10.3500	5.0136	105.3000	528.0000
25146	5.0240	-11.5000	5.0125	103.5000	519.0000
25249	5.0120	-12.4000	4.9996	123.8000	621.0000
25352	5.0080	-12.4800	4.9955	125.8000	628.0000
25455	5.0120	-12.4400	4.9996	123.3000	618.0000
25558	5.0120	-12.6100	4.9994	136.4000	619.0000
25661	5.0160	-12.3300	5.0037	123.7000	619.0000
25764	5.0160	-11.5400	5.0045	115.9000	582.0000
25867	5.0200	-11.6800	5.0083	116.1000	582.0000
25970	5.0240	-10.4000	5.0136	104.0000	526.0000
26073	5.0200	-10.4500	5.0096	104.4000	524.0000
26176	5.0240	-10.6300	5.0134	103.8000	521.0000
26279	5.0200	-10.3400	5.0097	103.4000	519.0000
26382	5.0240	-10.3400	5.0137	104.0000	523.0000
26485	5.0240	-10.3100	5.0137	103.3000	519.0000
26588	5.0080	-11.3900	4.9966	111.1000	557.0000
26691	5.0200	-11.6000	5.0084	104.2000	526.0000
26794	5.0240	-10.9200	5.0131	117.7000	590.0000
26897	5.0240	-10.3800	5.0136	104.3000	519.0000
27000	5.0240	-10.5200	5.0135	114.9000	577.0000
27103	5.0240	-10.4200	5.0136	103.6000	524.0000
27206	5.0240	-10.3500	5.0136	103.8000	521.0000
27309	5.0240	-10.3700	5.0136	104.2000	524.0000
27412	5.0240	-10.4000	5.0136	105.3000	529.0000
27515	5.0160	-11.0500	5.0049	118.1000	524.0000
27618	5.0200	-10.3800	5.0096	103.2000	518.0000
27721	5.0240	-10.3800	5.0136	103.3000	518.0000
27824	5.0240	-10.3400	5.0137	103.2000	518.0000
27927	5.0240	-11.1000	5.0129	121.2000	609.0000
28030	5.0240	-10.3500	5.0136	104.4000	524.0000
28133	5.0240	-10.3700	5.0136	104.5000	524.0000
28236	5.0200	-10.4200	5.0096	103.8000	521.0000
28339	5.0240	-10.3700	5.0136	116.0000	582.0000
28442	5.0240	-10.3700	5.0136	104.0000	519.0000
28545	5.0200	-10.5300	5.0095	111.2000	559.0000
28648	5.0240	-10.4200	5.0136	103.7000	519.0000
28751	5.0240	-10.4600	5.0135	128.5000	644.0000
28854	5.0200	-10.4400	5.0096	104.4000	528.0000
28957	5.0240	-10.4100	5.0136	103.8000	521.0000
29060	5.0240	-10.3700	5.0136	104.1000	528.0000
29163	5.0240	-10.3300	5.0137	103.1000	518.0000
29266	5.0200	-11.6400	5.0084	104.8000	526.0000
29369	5.0240	-10.3400	5.0137	103.9000	523.0000
29472	5.0240	-10.4800	5.0135	105.0000	600.0000
29575	5.0200	-10.4800	5.0095	104.5000	524.0000
29678	5.0240	-10.5400	5.0135	103.6000	521.0000
29781	5.0240	-10.3700	5.0136	103.3000	519.0000
29884	5.0200	-11.4200	5.0086	111.0000	557.0000
29987	5.0240	-10.3600	5.0136	103.3000	519.0000
30090	5.0160	-10.4200	5.0056	105.8000	531.0000
30193	5.0200	-10.4000	5.0096	104.3000	524.0000
30296	5.0200	-10.4300	5.0096	104.7000	526.0000
30399	5.0240	-10.4100	5.0136	103.9000	521.0000
30502	5.0240	-11.2000	5.0128	104.3000	524.0000
30605	5.0240	-10.3700	5.0136	104.2000	519.0000
30708	5.0240	-10.3300	5.0137	103.9000	523.0000
30811	5.0120	-12.3200	4.9997	123.1000	616.0000
30914	5.0120	-12.4300	4.9996	117.3000	588.0000
31017	5.0120	-12.4000	4.9996	124.5000	628.0000
31120	5.0160	-11.7300	5.0043	117.5000	590.0000
31223	5.0240	-10.3900	5.0136	106.4000	521.0000
31326	5.0120	-11.9300	5.0001	119.5000	600.0000
31429	5.0240	-10.4800	5.0135	111.1000	559.0000
31532	5.0200	-10.8400	5.0092	103.6000	521.0000
31635	5.0240	-10.4100	5.0136	104.7000	526.0000
31738	5.0160	-10.4300	5.0056	113.1000	655.0000
31841	5.0160	-11.6900	5.0043	104.1000	523.0000
31944	5.0240	-10.3200	5.0137	103.6000	519.0000
32047	5.0240	-15.7200	5.0083	103.2000	518.0000
32150	5.0200	-10.3100	5.0097	103.0000	524.0000
32253	5.0280	-10.3300	5.0177	111.1000	559.0000
32356	5.0200	-10.4200	5.0096	104.8000	631.0000
32459	5.0240	-12.1100	5.0119	112.2000	564.0000
32562	5.0240	-10.4900	5.0135	104.2000	521.0000
32665	5.0240	-10.4100	5.0136	107.5000	541.0000
32768	5.0240	-12.1200	5.0119	105.1000	523.0000
32871	5.0200	-10.4200	5.0096	103.8000	521.0000
32974	5.0240	-10.3500	5.0136	103.7000	528.0000
33077	5.0200	-10.4200	5.0096	104.6000	526.0000
33180	5.0240	-10.4600	5.0135	104.7000	526.0000
33283	5.0200	-10.4000	5.0096	108.0000	542.0000
33386	5.0240	-10.4800	5.0135	105.0000	528.0000
33489	5.0200	-10.4200	5.0096	117.4000	573.0000
33592	5.0240	-10.3800	5.0136	103.6000	521.0000
33695	5.0200	-10.4000	5.0096	105.1000	528.0000
33798	5.0240	-10.4100	5.0136	105.3000	528.0000
33901	5.0240	-10.5500	5.0135	112.2000	560.0000
34004	5.0240	-10.5000	5.0135	103.2000	518.0000
34107	5.0240	-10.4600	5.0135	103.7000	519.0000
34210	5.0240	-10.4600	5.0135	103.4000	519.0000
34313	5.0240	-10.3800	5.0136	104.5000	564.0000
34416	5.0160	-11.6400	5.0044	103.5000	519.0000
34519	5.0240	-10.4400	5.0136	104.5000	528.0000
34622	5.0120	-10.4000	5.0016	108.8000	547.0000
34725	5.0240	-11.9900	5.0120	103.6000	518.0000
34828	5.0200	-10.3700	5.0096	103.9000	523.0000
34931	5.0240	-10.3700	5.0136	103.4000	519.0000
35034	5.0240	-10.3300	5.0137	103.4000	519.0000
35137	5.0240	-10.7700	5.0132	104.8000	526.0000
35240	5.0120	-11.6900	5.0003	116.2000	524.0000
35343	5.0240	-10.4200	5.0136	103.9000	523.0000
35446	5.0200	-11.8900	5.0081	103.5000	526.0000
35549	5.0240	-10.4400	5.0136	103.4000	519.0000
35652	5.0240	-10.3900	5.0136	103.4000	519.0000
35755	5.0080	-12.3400	4.9957	123.7000	619.0000
35858	5.0120	-12.3300	4.9997	123.6000	619.0000
35961	5.0080	-12.6300	4.9954	126.5000	634.0000
36064	5.0160	-11.7300	5.0043	124.1000	585.0000
36167	5.0240	-11.2300	5.0128	103.6000	519.0000
36270	5.0200	-10.5100	5.0095	104.9000	532.0000
36373	5.0200	-10.4200	5.0096	104.0000	523.0000
36476	5.0240	-10.4000	5.0136	110.7000	531.0000
36579	5.0200	-10.3800	5.0096	104.2000	524.0000
36682	5.0240	-10.4600	5.0135	104.8000	526.0000
36785	5.0200	-10.3600	5.0096	103.5000	519.0000
36888	5.0240	-10.5400	5.0135	106.5000	534.0000
36991	5.0200	-11.6900	5.0083	104.3000	521.0000
37094	5.0240	-10.3200	5.0137	104.2000	523.0000
37197	5.0200	-10.6000	5.0094	104.4000	549.0000
37300	5.0240	-10.3600	5.0136	104.0000	523.0000
37403	5.0240	-10.5300	5.0135	109.4000	528.0000
37506	5.0240	-10.4500	5.0136	103.6000	519.0000
37609	5.0240	-11.5000	5.0125	104.3000	521.0000
37712	5.0280	-10.3500	5.0176	103.7000	521.0000
37815	5.0120	-10.9400	5.0011	120.4000	524.0000
37918	5.0200	-10.3900	5.0096	104.4000	524.0000
38021	5.0240	-10.8500	5.0132	104.9000	529.0000
38124	5.0200	-10.4800	5.0095	105.4000	529.0000
38227	5.0240	-10.4800	5.0135	115.6000	580.0000
38330	5.0200	-10.4500	5.0096	104.3000	524.0000
38433	5.0200	-11.1500	5.0089	110.7000	555.0000
38536	5.0120	-10.4500	5.0016	103.3000	519.0000
38639	5.0200	-11.8500	5.0082	116.1000	582.0000
38742	5.0200	-10.7300	5.0093	112.0000	526.0000
38845	5.0240	-10.4400	5.0136	104.2000	523.0000
38948	5.0240	-10.5300	5.0135	104.6000	521.0000
39051	5.0240	-10.4100	5.0136	104.3000	524.0000
39154	5.0240	-10.3700	5.0136	104.4000	523.0000
39257	5.0240	-10.5600	5.0134	103.3000	519.0000
39360	5.0200	-10.4500	5.0096	104.2000	526.0000
39463	5.0240	-11.1600	5.0128	104.4000	524.0000
39566	5.0120	-11.7200	5.0003	104.1000	524.0000
39669	5.0200	-10.4000	5.0096	103.9000	521.0000
39772	5.0240	-10.3500	5.0136	103.4000	518.0000
39875	5.0200	-10.3600	5.0096	104.7000	526.0000
39978	5.0240	-10.3800	5.0136	103.7000	521.0000
40081	5.0240	-10.5800	5.0134	108.2000	544.0000
40184	5.0240	-11.1700	5.0128	104.2000	523.0000
40287	5.0200	-10.5300	5.0095	105.6000	531.0000
40390	5.0120	-10.4300	5.0016	109.8000	551.0000
40493	5.0240	-10.3900	5.0136	103.7000	523.0000
40596	5.0240	-10.3300	5.0137	103.3000	519.0000
40699	5.0160	-11.9600	5.0040	108.7000	554.0000
40802	5.0160	-12.4100	5.0036	124.0000	621.0000
40905	5.0120	-12.3600	4.9996	123.6000	621.0000
41008	5.0120	-12.4200	4.9996	124.3000	623.0000
41111	5.0160	-11.6300	5.0044	116.9000	585.0000
41214	5.0240	-10.6100	5.0134	117.0000	587.0000
41317	5.0160	-13.3900	5.0026	103.4000	521.0000
41420	5.0200	-10.3400	5.0097	103.7000	521.0000
41523	5.0200	-10.4400	5.0096	104.1000	528.0000
41626	5.0200	-10.5300	5.0095	104.9000	526.0000
41729	5.0240	-10.6300	5.0134	104.2000	524.0000
41832	5.0200	-10.4100	5.0096	104.0000	521.0000
41935	5.0240	-10.4200	5.0136	103.9000	523.0000
42038	5.0160	-10.4200	5.0056	123.4000	608.0000
42141	5.0160	-11.7100	5.0043	104.0000	523.0000
42244	5.0200	-10.4100	5.0096	104.0000	531.0000
42347	5.0240	-11.2400	5.0128	105.5000	529.0000
42450	5.0240	-10.9700	5.0130	105.0000	526.0000
42553	5.0240	-11.2000	5.0128	104.7000	526.0000
42656	5.0240	-10.4800	5.0135	104.8000	519.0000
42759	5.0240	-10.3500	5.0136	103.8000	521.0000
42862	5.0240	-10.3400	5.0137	103.6000	524.0000
42965	5.0240	-10.4200	5.0136	121.7000	611.0000
43068	5.0240	-12.0500	5.0120	104.5000	528.0000
43171	5.0200	-10.4100	5.0096	104.8000	526.0000
43274	5.0240	-12.0800	5.0119	103.7000	521.0000
43377	5.0200	-12.0800	5.0079	103.1000	518.0000
43480	5.0240	-10.3600	5.0136	106.2000	532.0000
43583	5.0200	-10.3500	5.0096	103.6000	521.0000
43686	5.0240	-10.4200	5.0136	104.7000	526.0000
43789	5.0200	-12.2500	5.0078	118.6000	623.0000
43892	5.0200	-11.7700	5.0082	103.6000	521.0000
43995	5.0200	-10.3400	5.0097	104.7000	519.0000
44098	5.0240	-11.0300	5.0130	105.7000	531.0000
44201	5.0240	-10.4400	5.0136	104.1000	554.0000
44304	5.0280	-10.3900	5.0176	104.0000	523.0000
44407	5.0200	-11.7800	5.0082	104.2000	641.0000
44510	5.0240	-10.6400	5.0134	105.6000	531.0000
44613	5.0200	-10.3600	5.0096	104.2000	560.0000
44716	5.0200	-11.6300	5.0084	103.6000	521.0000
44819	5.0240	-11.0400	5.0130	110.6000	529.0000
44922	5.0240	-10.3200	5.0137	103.3000	519.0000
45025	5.0200	-10.1000	5.0099	103.8000	528.0000
45128	5.0200	-10.5100	5.0095	104.3000	524.0000
45231	5.0240	-10.4400	5.0136	104.5000	524.0000
45334	5.0200	-10.3500	5.0096	103.8000	521.0000
45437	5.0160	-10.4200	5.0056	104.4000	524.0000
45540	5.0160	-11.4800	5.0045	115.2000	521.0000
45643	5.0240	-10.3600	5.0136	104.7000	526.0000
45746	5.0120	-12.3000	4.9997	123.2000	623.0000
45849	5.0080	-12.4900	4.9955	124.2000	623.0000
45952	5.0120	-13.4800	4.9985	124.3000	618.0000
46055	5.0160	-11.7900	5.0042	118.8000	596.0000
46158	5.0160	-12.0500	5.0039	103.9000	521.0000
46261	5.0240	-10.3200	5.0137	103.4000	519.0000
46364	5.0240	-10.5200	5.0135	110.2000	590.0000
46467	5.0160	-11.3100	5.0047	108.7000	546.0000
46570	5.0240	-10.4800	5.0135	104.7000	609.0000
46673	5.0200	-10.4100	5.0096	103.7000	521.0000
46776	5.0240	-10.3700	5.0136	103.2000	526.0000
46879	5.0240	-10.3700	5.0136	103.8000	521.0000
46982	5.0240	-10.3600	5.0136	103.5000	519.0000
47085	5.0120	-10.4000	5.0016	120.1000	603.0000
47188	5.0240	-10.5100	5.0135	105.7000	531.0000
47291	5.0120	-11.8800	5.0001	110.6000	521.0000
47394	5.0120	-11.5800	5.0004	107.7000	539.0000
47497	5.0200	-11.1700	5.0088	103.4000	519.0000
47600	5.0240	-11.1200	5.0129	110.9000	557.0000
47703	5.0240	-10.3900	5.0136	103.8000	521.0000
47806	5.0240	-10.3400	5.0137	104.0000	523.0000
47909	5.0120	-10.4200	5.0016	104.4000	526.0000
48012	5.0240	-10.4200	5.0136	121.0000	608.0000
48115	5.0160	-11.2000	5.0048	116.5000	524.0000
48218	5.0200	-10.3800	5.0096	103.7000	521.0000
48321	5.0240	-10.3500	5.0136	103.8000	521.0000
48424	5.0200	-11.0600	5.0089	105.9000	531.0000
48527	5.0240	-10.3700	5.0136	103.8000	524.0000
48630	5.0200	-10.4300	5.0096	121.5000	611.0000
48733	5.0240	-10.4700	5.0135	104.1000	523.0000
48836	5.0200	-10.6400	5.0094	106.2000	532.0000
48939	5.0240	-10.3600	5.0136	117.0000	587.0000
49042	5.0160	-10.3600	5.0056	108.1000	557.0000
49145	5.0240	-10.3300	5.0137	103.5000	519.0000
49248	5.0200	-10.4100	5.0096	106.3000	528.0000
49351	5.0240	-12.1700	5.0118	112.6000	565.0000
49454	5.0200	-10.3900	5.0096	103.7000	523.0000
49557	5.0240	-11.2200	5.0128	111.1000	557.0000
49660	5.0240	-12.0700	5.0119	103.3000	549.0000
49763	5.0160	-10.3400	5.0057	103.1000	518.0000
49866	5.0200	-11.6100	5.0084	103.6000	609.0000
49969	5.0200	-10.3900	5.0096	105.1000	528.0000
50072	5.0240	-10.4800	5.0135	104.9000	524.0000
50175	5.0240	-10.4200	5.0136	104.6000	524.0000
50278	5.0160	-11.6000	5.0044	116.4000	585.0000
50381	5.0160	-11.6200	5.0044	116.0000	582.0000
50484	5.0160	-11.7000	5.0043	116.6000	585.0000
50587	5.0600	-4.0500	5.0560	40.8000	206.0000
50690	5.0520	-4.0800	5.0479	54.2000	274.0000
50793	5.0440	-6.0700	5.0379	60.5000	305.0000
50896	5.0520	-6.0600	5.0459	60.4000	305.0000
50999	5.0480	-5.9900	5.0420	59.9000	301.0000
51102	5.0760	-0.9400	5.0751	9.4000	48.0000
51205	5.0760	-0.9400	5.0751	9.4000	48.0000
51308	5.0760	-0.9400	5.0751	9.4000	48.0000
51411	5.0760	-0.9400	5.0751	9.5000	48.0000
51514	5.0760	-0.9400	5.0751	9.4000	48.0000
51617	5.0760	-0.9400	5.0751	9.3000	48.0000
51720	5.0760	-0.9400	5.0751	9.4000	48.0000
51823	5.0760	-0.9400	5.0751	9.3000	48.0000
51926	5.0720	-0.9400	5.0711	9.3000	48.0000
52029	5.0760	-0.9400	5.0751	9.5000	48.0000
52132	5.0760	-0.9400	5.0751	9.4000	48.0000
52235	5.0800	-0.9300	5.0791	9.4000	48.0000
52338	5.0760	-0.9400	5.0751	9.4000	48.0000
52441	5.0800	-0.9400	5.0791	9.4000	48.0000
52544	5.0760	-0.9400	5.0751	9.4000	48.0000
52647	5.0760	-0.9500	5.0751	9.4000	48.0000
52750	5.0760	-0.9400	5.0751	9.4000	48.0000
52853	5.0760	-0.9400	5.0751	9.4000	48.0000
52956	5.0760	-0.9400	5.0751	9.4000	48.0000
53059	5.0760	-0.9300	5.0751	9.4000	48.0000
53162	5.0760	-0.9400	5.0751	9.4000	48.0000
53265	5.0760	-0.9400	5.0751	9.4000	48.0000
53368	5.0760	-0.9400	5.0751	9.5000	48.0000
53471	5.0760	-0.9400	5.0751	9.4000	48.0000
53574	5.0800	-0.9400	5.0791	9.4000	48.0000
53677	5.0760	-0.9400	5.0751	9.4000	48.0000
53780	5.0800	-0.9400	5.0791	9.4000	48.0000
53883	5.0760	-0.9400	5.0751	9.4000	48.0000
53986	5.0760	-0.9400	5.0751	9.4000	48.0000
54089	5.0760	-0.9400	5.0751	9.4000	48.0000
54192	5.0760	-0.9400	5.0751	9.4000	48.0000
54295	5.0760	-0.9400	5.0751	9.4000	48.0000
54398	5.0760	-0.9500	5.0751	9.4000	48.0000
54501	5.0800	-0.9400	5.0791	9.5000	48.0000
54604	5.0760	-0.9300	5.0751	9.5000	48.0000
54707	5.0760	-0.9400	5.0751	9.3000	48.0000
54810	5.0760	-0.9400	5.0751	9.4000	48.0000
54913	5.0760	-0.9400	5.0751	9.4000	48.0000
55016	5.0760	-0.9400	5.0751	9.4000	48.0000
55119	5.0760	-0.9400	5.0751	9.5000	48.0000
55222	5.0760	-0.9400	5.0751	9.4000	48.0000
55325	5.0760	-0.9400	5.0751	9.4000	48.0000
55428	5.0760	-0.9400	5.0751	9.4000	48.0000
55531	5.0760	-0.9400	5.0751	9.5000	48.0000
55634	5.0760	-0.9400	5.0751	9.4000	48.0000
55737	5.0760	-0.9400	5.0751	9.4000	48.0000
55840	5.0800	-0.9400	5.0791	9.5000	48.0000
55943	5.0760	-0.9400	5.0751	9.5000	48.0000
56046	5.0800	-0.9500	5.0791	9.4000	48.0000
56149	5.0760	-0.9400	5.0751	9.5000	48.0000
56252	5.0760	-0.9400	5.0751	9.5000	48.0000
56355	5.0760	-0.9400	5.0751	9.4000	48.0000
56458	5.0760	-0.9400	5.0751	9.4000	48.0000
56561	5.0760	-0.9400	5.0751	9.4000	48.0000
56664	5.0760	-0.9400	5.0751	9.4000	48.0000
56767	5.0760	-0.9400	5.0751	9.4000	48.0000
56870	5.0760	-0.9400	5.0751	9.4000	48.0000
56973	5.0760	-0.9400	5.0751	9.5000	48.0000
57076	5.0760	-0.9400	5.0751	9.4000	48.0000
57179	5.0800	-0.9400	5.0791	9.3000	48.0000
57282	5.0760	-0.9400	5.0751	9.4000	48.0000
57385	5.0760	-0.9400	5.0751	9.4000	48.0000
57488	5.0760	-0.9400	5.0751	9.3000	48.0000
57591	5.0760	-0.9400	5.0751	9.4000	48.0000
57694	5.0760	-0.9400	5.0751	9.4000	48.0000
57797	5.0760	-0.9400	5.0751	9.4000	48.0000
57900	5.0760	-0.9400	5.0751	9.4000	48.0000
58003	5.0760	-0.9400	5.0751	9.4000	48.0000
58106	5.0760	-0.9400	5.0751	9.4000	48.0000
58209	5.0760	-0.9400	5.0751	9.4000	48.0000
58312	5.0800	-0.9400	5.0791	9.5000	48.0000
58415	5.0760	-0.9400	5.0751	9.4000	48.0000
58518	5.0800	-0.9400	5.0791	9.4000	48.0000
58621	5.0760	-0.9400	5.0751	9.4000	48.0000
58724	5.0800	-0.9400	5.0791	9.4000	48.0000
58827	5.0760	-0.9400	5.0751	9.4000	48.0000
58930	5.0760	-0.9400	5.0751	9.5000	48.0000
59033	5.0760	-0.9400	5.0751	9.4000	48.0000
59136	5.0760	-0.9400	5.0751	9.4000	48.0000
59239	5.0800	-0.9400	5.0791	9.5000	48.0000
59342	5.0760	-0.9400	5.0751	9.4000	48.0000
59445	5.0800	-0.9400	5.0791	9.4000	48.0000
59548	5.0760	-0.9400	5.0751	9.5000	48.0000
59651	5.0800	-0.9400	5.0791	9.4000	48.0000
59754	5.0760	-0.9400	5.0751	9.5000	48.0000
59857	5.0760	-0.9500	5.0751	9.4000	48.0000
59960	5.0760	-0.9400	5.0751	9.4000	48.0000
60063	5.0760	-0.9400	5.0751	9.4000	48.0000
60166	5.0760	-0.9400	5.0751	9.4000	48.0000
60269	5.0760	-0.9400	5.0751	9.4000	48.0000
60372	5.0760	-0.9400	5.0751	9.4000	48.0000
60475	5.0760	-0.9400	5.0751	9.4000	48.0000
60578	5.0800	-0.9500	5.0791	9.4000	48.0000
60681	5.0760	-0.9400	5.0751	9.4000	48.0000
60784	5.0760	-0.9400	5.0751	9.4000	48.0000
60887	5.0760	-0.9400	5.0751	9.5000	48.0000
60990	5.0800	-0.9400	5.0791	22.3000	113.0000
61093	5.0520	-5.6400	5.0464	56.3000	282.0000
61196	5.0480	-6.0300	5.0420	59.8000	301.0000
61299	5.0480	-5.8800	5.0421	58.8000	297.0000
61402	5.0560	-5.0600	5.0509	50.6000	256.0000
61505	5.0520	-5.1800	5.0468	53.2000	261.0000
61608	5.0160	-11.5300	5.0045	115.9000	582.0000
61711	5.0160	-11.8000	5.0042	117.6000	632.0000
61814	5.0240	-10.3600	5.0136	104.0000	523.0000
61917	5.0240	-10.4400	5.0136	103.0000	518.0000
62020	5.0240	-10.3100	5.0137	103.2000	518.0000
62123	5.0240	-10.3300	5.0137	103.3000	519.0000
62226	5.0120	-10.2800	5.0017	104.3000	519.0000
62329	5.0200	-10.3200	5.0097	117.2000	588.0000
62432	5.0240	-10.7400	5.0133	128.5000	562.0000
62535	5.0240	-10.3700	5.0136	104.0000	523.0000
62638	5.0240	-10.3900	5.0136	110.0000	524.0000
62741	5.0280	-11.0700	5.0169	120.0000	603.0000
62844	5.0240	-10.3200	5.0137	103.2000	518.0000
62947	5.0280	-10.3000	5.0177	103.3000	519.0000
63050	5.0160	-10.8800	5.0051	116.8000	541.0000
63153	5.0240	-10.3900	5.0136	103.8000	521.0000
63256	5.0240	-10.4300	5.0136	104.8000	518.0000
63359	5.0240	-10.3300	5.0137	103.5000	519.0000
63462	5.0240	-10.3100	5.0137	109.9000	552.0000
63565	5.0200	-12.1600	5.0078	121.4000	609.0000
63668	5.0280	-10.3400	5.0177	106.6000	534.0000
63771	5.0160	-11.6600	5.0043	103.9000	523.0000
63874	5.0240	-11.2300	5.0128	103.5000	519.0000
63977	5.0120	-10.8300	5.0012	105.0000	523.0000
64080	5.0240	-10.3600	5.0136	103.3000	519.0000
64183	5.0200	-10.5200	5.0095	105.0000	519.0000
64286	5.0280	-10.3300	5.0177	104.3000	524.0000
64389	5.0240	-10.4100	5.0136	112.8000	591.0000
64492	5.0200	-11.7400	5.0083	105.3000	529.0000
64595	5.0240	-11.0300	5.0130	104.6000	531.0000
64698	5.0240	-10.3900	5.0136	117.3000	588.0000
64801	5.0240	-10.4600	5.0135	103.3000	523.0000
64904	5.0160	-10.2200	5.0058	103.3000	519.0000
65007	5.0240	-10.4600	5.0135	103.5000	528.0000
65110	5.0160	-11.7100	5.0043	117.2000	588.0000
65213	5.0160	-12.6600	5.0033	101.7000	511.0000
65316	5.0240	-10.4200	5.0136	106.0000	532.0000
65419	5.0280	-10.3200	5.0177	103.3000	519.0000
65522	5.0200	-11.1000	5.0089	104.3000	593.0000
65625	5.0240	-9.8700	5.0141	100.8000	506.0000
65728	5.0240	-11.1400	5.0129	104.8000	587.0000
65831	5.0160	-11.7600	5.0042	104.7000	526.0000
65934	5.0200	-10.4400	5.0096	110.7000	521.0000
66037	5.0240	-10.4500	5.0136	103.3000	519.0000
66140	5.0240	-10.3900	5.0136	99.9000	503.0000
66243	5.0240	-10.5400	5.0135	103.2000	518.0000
66346	5.0120	-10.3700	5.0016	115.9000	521.0000
66449	5.0240	-10.6100	5.0134	117.8000	590.0000
66552	5.0240	-11.2300	5.0128	104.4000	523.0000
66655	5.0120	-12.3300	4.9997	123.4000	618.0000
66758	5.0120	-12.3100	4.9997	123.1000	618.0000
66861	5.0120	-12.3700	4.9996	134.7000	675.0000
66964	5.0120	-12.3900	4.9996	123.8000	621.0000
67067	5.0120	-12.3600	4.9996	123.7000	619.0000
67170	5.0160	-12.4000	5.0036	119.9000	601.0000
67273	5.0120	-11.7600	5.0002	117.1000	608.0000
67376	5.0240	-10.3600	5.0136	104.2000	524.0000
67479	5.0240	-10.3500	5.0136	103.9000	523.0000
67582	5.0240	-10.4400	5.0136	104.3000	524.0000
67685	5.0160	-12.5100	5.0035	116.7000	521.0000
67788	5.0240	-11.2400	5.0128	104.1000	523.0000
67891	5.0240	-10.5100	5.0135	104.4000	524.0000
67994	5.0240	-10.5300	5.0135	104.1000	523.0000
68097	5.0240	-10.4400	5.0136	104.9000	528.0000
68200	5.0240	-10.3600	5.0136	103.4000	519.0000
68303	5.0240	-10.3400	5.0137	103.3000	519.0000
68406	5.0240	-10.3400	5.0137	103.7000	521.0000
68509	5.0240	-10.7400	5.0133	119.5000	600.0000
68612	5.0200	-10.9300	5.0091	118.4000	595.0000
68715	5.0240	-10.5900	5.0134	104.8000	526.0000
68818	5.0240	-11.0600	5.0129	105.1000	528.0000
68921	5.0240	-10.3200	5.0137	105.1000	528.0000
69024	5.0200	-10.4900	5.0095	104.9000	523.0000
69127	5.0240	-10.4800	5.0135	104.0000	523.0000
69230	5.0240	-10.5700	5.0134	104.5000	524.0000
69333	5.0240	-10.5600	5.0134	103.8000	521.0000
69436	5.0160	-11.6200	5.0044	108.5000	519.0000
69539	5.0200	-11.7200	5.0083	120.8000	606.0000
69642	5.0240	-10.3600	5.0136	103.7000	523.0000
69745	5.0240	-10.4000	5.0136	103.3000	519.0000
69848	5.0240	-10.4000	5.0136	121.0000	524.0000
69951	5.0240	-10.4300	5.0136	104.3000	524.0000
70054	5.0240	-10.4400	5.0136	103.8000	521.0000
70157	5.0200	-10.4300	5.0096	103.9000	523.0000
70260	5.0160	-10.3800	5.0056	116.0000	583.0000
70363	5.0240	-10.3800	5.0136	103.5000	519.0000
70466	5.0240	-10.3200	5.0137	104.2000	523.0000
70569	5.0240	-10.5600	5.0134	121.4000	524.0000
70672	5.0200	-10.4300	5.0096	104.3000	524.0000
70775	5.0240	-10.4000	5.0136	103.8000	609.0000
70878	5.0280	-10.4500	5.0175	103.5000	519.0000
70981	5.0240	-10.4500	5.0136	103.8000	521.0000
71084	5.0280	-11.6400	5.0164	117.0000	587.0000
71187	5.0160	-12.5800	5.0034	104.7000	524.0000
71290	5.0240	-10.7700	5.0132	111.8000	562.0000
71393	5.0200	-10.4200	5.0096	104.4000	524.0000
71496	5.0280	-10.3600	5.0176	104.1000	523.0000
71599	5.0240	-10.3600	5.0136	103.8000	519.0000
71702	5.0240	-10.3600	5.0136	103.6000	521.0000
71805	5.0240	-10.3900	5.0136	103.9000	526.0000
71908	5.0240	-12.3400	5.0117	107.5000	539.0000
72011	5.0160	-11.8700	5.0041	104.4000	524.0000
72114	5.0240	-10.4000	5.0136	103.9000	523.0000
72217	5.0080	-12.4500	4.9955	123.2000	618.0000
72320	5.0120	-12.3500	4.9997	123.9000	675.0000
72423	5.0120	-12.5100	4.9995	123.3000	618.0000
72526	5.0120	-11.9400	5.0001	115.8000	644.0000
72629	5.0240	-10.3900	5.0136	104.1000	523.0000
72732	5.0160	-11.6800	5.0043	116.4000	585.0000
72835	5.0200	-10.3900	5.0096	118.0000	593.0000
72938	5.0240	-10.3600	5.0136	110.9000	523.0000
73041	5.0240	-10.3700	5.0136	103.6000	519.0000
73144	5.0240	-10.3600	5.0136	103.7000	526.0000
73247	5.0240	-10.3700	5.0136	105.1000	528.0000
73350	5.0240	-10.4500	5.0136	105.7000	531.0000
73453	5.0200	-10.5200	5.0095	111.3000	559.0000
73556	5.0240	-10.4100	5.0136	103.8000	521.0000
73659	5.0160	-11.2600	5.0047	116.5000	585.0000
73762	5.0240	-11.8500	5.0122	103.5000	519.0000
73865	5.0200	-10.3200	5.0097	121.7000	611.0000
73968	5.0240	-10.3600	5.0136	105.8000	531.0000
74071	5.0200	-11.6000	5.0084	107.9000	554.0000
74174	5.0240	-10.4000	5.0136	103.6000	521.0000
74277	5.0240	-10.8000	5.0132	103.9000	519.0000
74380	5.0240	-10.9900	5.0130	103.6000	521.0000
74483	5.0240	-10.4100	5.0136	105.2000	564.0000
74586	5.0200	-13.0100	5.0070	104.5000	524.0000
74689	5.0200	-10.4200	5.0096	112.6000	524.0000
74792	5.0240	-10.4500	5.0136	109.8000	551.0000
74895	5.0240	-10.3800	5.0136	104.1000	521.0000
74998	5.0240	-10.3600	5.0136	103.6000	519.0000
75101	5.0240	-10.4000	5.0136	103.8000	524.0000
75204	5.0240	-10.4000	5.0136	103.7000	521.0000
75307	5.0240	-10.7300	5.0133	104.7000	526.0000
75410	5.0160	-11.7600	5.0042	117.6000	590.0000
75513	5.0240	-10.4200	5.0136	103.8000	521.0000
75616	5.0240	-10.3600	5.0136	104.2000	519.0000
75719	5.0240	-10.4100	5.0136	104.8000	526.0000
75822	5.0240	-10.4800	5.0135	104.4000	521.0000
75925	5.0200	-11.8800	5.0081	103.9000	523.0000
76028	5.0200	-11.4000	5.0086	104.7000	528.0000
76131	5.0240	-10.4300	5.0136	104.1000	523.0000
76234	5.0240	-10.4700	5.0135	110.8000	583.0000
76337	5.0200	-11.7100	5.0083	100.8000	506.0000
76440	5.0240	-12.3400	5.0117	103.4000	521.0000
76543	5.0240	-10.8900	5.0131	103.7000	521.0000
76646	5.0160	-10.4100	5.0056	108.2000	508.0000
76749	5.0200	-10.4500	5.0096	101.7000	511.0000
76852	5.0240	-10.4600	5.0135	101.4000	508.0000
76955	5.0240	-10.0800	5.0139	100.5000	505.0000
77058	5.0240	-10.0600	5.0139	116.6000	585.0000
77161	5.0160	-11.3400	5.0047	106.9000	537.0000
77264	5.0160	-12.0300	5.0040	123.2000	618.0000
77367	5.0120	-12.3800	4.9996	123.4000	621.0000
77470	5.0120	-13.5800	4.9984	124.7000	624.0000
77573	5.0160	-11.7400	5.0043	116.7000	588.0000
77676	5.0160	-11.0800	5.0049	104.9000	528.0000
77779	5.0240	-10.3900	5.0136	105.1000	526.0000
77882	5.0240	-10.4300	5.0136	103.7000	519.0000
77985	5.0160	-11.0100	5.0050	118.8000	549.0000
78088	5.0240	-10.5200	5.0135	105.9000	532.0000
78191	5.0120	-10.5400	5.0015	105.8000	626.0000
78294	5.0120	-10.5600	5.0014	103.5000	519.0000
78397	5.0160	-10.6400	5.0054	111.0000	539.0000
78500	5.0240	-10.3800	5.0136	104.2000	524.0000
78603	5.0280	-10.3600	5.0176	103.5000	523.0000
78706	5.0120	-11.0600	5.0009	103.4000	519.0000
78809	5.0240	-11.5800	5.0124	116.9000	587.0000
78912	5.0240	-10.4800	5.0135	105.2000	529.0000
79015	5.0240	-12.1800	5.0118	105.1000	528.0000
79118	5.0240	-10.3700	5.0136	103.5000	523.0000
79221	5.0200	-11.0400	5.0090	103.4000	519.0000
79324	5.0240	-10.3700	5.0136	106.1000	519.0000
79427	5.0240	-10.3500	5.0136	103.9000	523.0000
79530	5.0200	-11.4200	5.0086	104.3000	528.0000
79633	5.0240	-11.8500	5.0122	104.6000	524.0000
79736	5.0160	-11.6800	5.0043	115.0000	562.0000
79839	5.0240	-10.3500	5.0136	103.5000	519.0000
79942	5.0240	-11.0600	5.0129	103.9000	521.0000
80045	5.0240	-10.3800	5.0136	104.2000	523.0000
80148	5.0240	-10.7200	5.0133	105.9000	531.0000
80251	5.0240	-10.5700	5.0134	104.5000	524.0000
80354	5.0120	-11.4100	5.0006	103.6000	521.0000
80457	5.0160	-10.3700	5.0056	128.1000	642.0000
80560	5.0200	-10.3300	5.0097	115.6000	580.0000
80663	5.0200	-10.3800	5.0096	103.7000	521.0000
80766	5.0240	-10.5300	5.0135	104.7000	526.0000
80869	5.0200	-10.4500	5.0096	104.7000	531.0000
80972	5.0240	-10.5100	5.0135	118.3000	593.0000
81075	5.0240	-10.4300	5.0136	104.3000	562.0000
81178	5.0240	-10.5100	5.0135	103.5000	519.0000
81281	5.0240	-10.6900	5.0133	103.5000	519.0000
81384	5.0240	-10.3600	5.0136	116.6000	585.0000
81487	5.0160	-11.6800	5.0043	107.3000	524.0000
81590	5.0240	-10.4700	5.0135	105.2000	528.0000
81693	5.0240	-10.5100	5.0135	104.0000	521.0000
81796	5.0200	-10.4500	5.0096	105.2000	528.0000
81899	5.0200	-10.3400	5.0097	103.8000	526.0000
82002	5.0240	-10.3600	5.0136	103.7000	521.0000
82105	5.0240	-10.4200	5.0136	105.2000	528.0000
82208	5.0120	-12.4300	4.9996	124.9000	626.0000
82311	5.0160	-11.8900	5.0041	125.0000	626.0000
82414	5.0120	-12.4600	4.9995	123.4000	619.0000
82517	5.0120	-11.7600	5.0002	115.9000	582.0000
82620	5.0240	-10.3500	5.0136	103.7000	523.0000
82723	5.0240	-10.3400	5.0137	103.5000	519.0000
82826	5.0240	-10.4100	5.0136	104.4000	529.0000
82929	5.0160	-10.4800	5.0055	104.5000	524.0000
83032	5.0240	-10.4400	5.0136	104.2000	526.0000
83135	5.0200	-10.4400	5.0096	116.6000	585.0000
83238	5.0200	-10.4200	5.0096	104.0000	521.0000
83341	5.0200	-10.3800	5.0096	104.0000	523.0000
83444	5.0240	-11.7900	5.0122	103.5000	521.0000
83547	5.0200	-10.2900	5.0097	104.2000	524.0000
83650	5.0240	-10.4300	5.0136	104.9000	526.0000
83753	5.0240	-10.4100	5.0136	104.7000	526.0000
83856	5.0200	-10.4000	5.0096	104.9000	528.0000
83959	5.0240	-10.4100	5.0136	114.9000	577.0000
84062	5.0200	-11.6900	5.0083	103.4000	519.0000
84165	5.0240	-10.4600	5.0135	103.7000	528.0000
84268	5.0240	-10.5000	5.0135	106.7000	536.0000
84371	5.0240	-10.4900	5.0135	104.1000	521.0000
84474	5.0240	-15.7700	5.0082	111.6000	560.0000
84577	5.0240	-10.4200	5.0136	112.7000	523.0000
84680	5.0240	-10.3900	5.0136	104.2000	524.0000
84783	5.0240	-10.4000	5.0136	113.9000	590.0000
84886	5.0160	-11.7700	5.0042	105.4000	529.0000
84989	5.0240	-10.4700	5.0135	104.8000	531.0000
85092	5.0240	-10.3800	5.0136	103.7000	521.0000
85195	5.0240	-10.3700	5.0136	104.3000	524.0000
85298	5.0200	-10.4200	5.0096	104.2000	524.0000
85401	5.0240	-10.4100	5.0136	103.6000	521.0000
85504	5.0200	-10.4300	5.0096	104.1000	523.0000
85607	5.0240	-10.4200	5.0136	104.4000	524.0000
85710	5.0120	-11.9400	5.0001	116.7000	554.0000
85813	5.0240	-10.3900	5.0136	103.8000	521.0000
85916	5.0240	-10.4000	5.0136	104.1000	523.0000
86019	5.0240	-10.5000	5.0135	103.4000	519.0000
86122	5.0240	-10.3800	5.0136	104.6000	524.0000
86225	5.0240	-10.3800	5.0136	105.1000	528.0000
86328	5.0240	-10.4600	5.0135	104.6000	531.0000
86431	5.0240	-10.4500	5.0136	105.2000	528.0000
86534	5.0240	-10.4400	5.0136	108.3000	590.0000
86637	5.0200	-11.6600	5.0083	104.9000	526.0000
86740	5.0200	-10.5000	5.0095	104.8000	583.0000
86843	5.0240	-10.5000	5.0135	103.6000	521.0000
86946	5.0240	-10.5100	5.0135	105.0000	528.0000
87049	5.0200	-10.5000	5.0095	105.0000	528.0000
87152	5.0240	-10.4000	5.0136	103.6000	521.0000
87255	5.0120	-12.3400	4.9997	123.2000	619.0000
87358	5.0120	-12.4700	4.9995	123.4000	619.0000
87461	5.0160	-11.7500	5.0042	122.8000	616.0000
87564	5.0160	-12.0200	5.0040	114.8000	575.0000
87667	5.0240	-10.4200	5.0136	104.9000	528.0000
87770	5.0240	-10.4500	5.0136	104.2000	524.0000
87873	5.0200	-10.3900	5.0096	104.6000	524.0000
87976	5.0240	-10.3700	5.0136	103.9000	521.0000
88079	5.0000	-12.7500	4.9872	141.1000	623.0000
88182	5.0240	-10.3600	5.0136	103.7000	521.0000
88285	5.0160	-10.4400	5.0056	117.4000	572.0000
88388	5.0200	-10.4400	5.0096	104.3000	524.0000
88491	5.0240	-10.4400	5.0136	104.4000	528.0000
88594	5.0200	-10.3800	5.0096	103.7000	521.0000
88697	5.0240	-10.4500	5.0136	117.4000	590.0000
88800	5.0240	-10.4100	5.0136	103.7000	521.0000
88903	5.0240	-10.3700	5.0136	105.8000	531.0000
89006	5.0240	-10.4100	5.0136	104.3000	524.0000
89109	5.0240	-10.4500	5.0136	117.2000	588.0000
89212	5.0200	-10.9600	5.0090	104.0000	521.0000
89315	5.0240	-12.0300	5.0120	110.8000	557.0000
89418	5.0240	-10.5100	5.0135	103.4000	519.0000
89521	5.0240	-10.9000	5.0131	110.1000	554.0000
89624	5.0240	-10.3400	5.0137	106.0000	523.0000
89727	5.0240	-10.4500	5.0136	105.1000	528.0000
89830	5.0240	-10.4800	5.0135	104.4000	524.0000
89933	5.0200	-10.4900	5.0095	103.7000	521.0000
90036	5.0160	-12.9900	5.0030	114.7000	528.0000
90139	5.0240	-10.4000	5.0136	105.5000	529.0000
90242	5.0240	-10.3600	5.0136	114.6000	575.0000
90345	5.0240	-10.4800	5.0135	104.5000	524.0000
90448	5.0200	-10.5200	5.0095	105.5000	531.0000
90551	5.0240	-10.4000	5.0136	103.9000	521.0000
90654	5.0240	-10.3700	5.0136	103.6000	521.0000
90757	5.0240	-10.3500	5.0136	104.3000	529.0000
90860	5.0200	-10.4400	5.0096	117.8000	591.0000
90963	5.0240	-10.3600	5.0136	104.9000	528.0000
91066	5.0240	-10.3800	5.0136	115.5000	580.0000
91169	5.0240	-10.5600	5.0134	105.5000	521.0000
91272	5.0240	-10.5300	5.0135	104.0000	523.0000
91375	5.0240	-10.4800	5.0135	103.6000	521.0000
91478	5.0240	-11.7300	5.0123	110.4000	555.0000
91581	5.0240	-10.4200	5.0136	103.9000	521.0000
91684	5.0240	-10.4800	5.0135	117.5000	590.0000
91787	5.0240	-11.8200	5.0122	104.3000	524.0000
91890	5.0160	-12.3300	5.0037	117.4000	588.0000
91993	5.0600	-4.0600	5.0559	40.5000	205.0000
92096	5.0600	-4.0500	5.0560	40.4000	205.0000
92199	5.0480	-6.0000	5.0420	60.1000	303.0000
92302	5.0480	-5.9800	5.0420	59.9000	303.0000
92405	5.0480	-6.0500	5.0419	60.9000	306.0000
92508	5.0760	-0.9400	5.0751	9.4000	48.0000
92611	5.0800	-0.9400	5.0791	9.3000	48.0000
92714	5.0760	-0.9400	5.0751	9.3000	48.0000
92817	5.0800	-0.9400	5.0791	9.3000	48.0000
92920	5.0760	-0.9400	5.0751	9.4000	48.0000
93023	5.0760	-0.9400	5.0751	9.4000	48.0000
93126	5.0760	-0.9400	5.0751	9.4000	48.0000
93229	5.0760	-0.9400	5.0751	9.5000	48.0000
93332	5.0760	-0.9400	5.0751	9.4000	48.0000
93435	5.0760	-0.9400	5.0751	9.3000	48.0000
93538	5.0800	-0.9400	5.0791	9.4000	48.0000
93641	5.0760	-0.9400	5.0751	9.4000	48.0000
93744	5.0800	-0.9400	5.0791	9.4000	48.0000
93847	5.0760	-0.9500	5.0751	9.4000	48.0000
93950	5.0800	-0.9400	5.0791	9.4000	48.0000
94053	5.0760	-0.9400	5.0751	9.4000	48.0000
94156	5.0760	-0.9400	5.0751	9.4000	48.0000
94259	5.0760	-0.9400	5.0751	9.4000	48.0000
94362	5.0760	-0.9400	5.0751	9.4000	48.0000
94465	5.0760	-0.9500	5.0751	9.4000	48.0000
94568	5.0760	-0.9400	5.0751	9.4000	48.0000
94671	5.0760	-0.9400	5.0751	9.4000	48.0000
94774	5.0760	-0.9400	5.0751	9.5000	48.0000
94877	5.0760	-0.9400	5.0751	9.4000	48.0000
94980	5.0760	-0.9400	5.0751	9.4000	48.0000
95083	5.0800	-0.9400	5.0791	9.4000	48.0000
95186	5.0760	-0.9400	5.0751	9.5000	48.0000
95289	5.0760	-0.9400	5.0751	9.4000	48.0000
95392	5.0760	-0.9500	5.0751	9.4000	48.0000
95495	5.0760	-0.9400	5.0751	9.4000	48.0000
95598	5.0760	-0.9400	5.0751	9.4000	48.0000
95701	5.0760	-0.9400	5.0751	9.4000	48.0000
95804	5.0800	-0.9400	5.0791	9.4000	48.0000
95907	5.0760	-0.9400	5.0751	9.4000	48.0000
96010	5.0800	-0.9400	5.0791	9.4000	48.0000
96113	5.0760	-0.9400	5.0751	9.4000	48.0000
96216	5.0800	-0.9400	5.0791	9.4000	48.0000
96319	5.0760	-0.9400	5.0751	9.4000	48.0000
96422	5.0800	-0.9500	5.0791	9.4000	48.0000
96525	5.0760	-0.9400	5.0751	9.4000	48.0000
96628	5.0760	-0.9400	5.0751	9.5000	48.0000
96731	5.0760	-0.9400	5.0751	9.4000	48.0000
96834	5.0760	-0.9400	5.0751	9.4000	48.0000
96937	5.0760	-0.9400	5.0751	9.4000	48.0000
97040	5.0760	-0.9400	5.0751	9.3000	48.0000
97143	5.0760	-0.9500	5.0751	9.4000	48.0000
97246	5.0760	-0.9500	5.0751	9.5000	48.0000
97349	5.0800	-0.9400	5.0791	9.4000	48.0000
97452	5.0760	-0.9400	5.0751	9.4000	48.0000
97555	5.0800	-0.9500	5.0791	9.4000	48.0000
97658	5.0760	-0.9400	5.0751	9.4000	48.0000
97761	5.0760	-0.9400	5.0751	9.5000	48.0000
97864	5.0760	-0.9500	5.0751	9.5000	48.0000
97967	5.0760	-0.9500	5.0751	9.4000	48.0000
98070	5.0760	-0.9500	5.0751	9.4000	48.0000
98173	5.0760	-0.9400	5.0751	9.4000	48.0000
98276	5.0760	-0.9500	5.0751	9.5000	48.0000
98379	5.0760	-0.9400	5.0751	9.5000	48.0000
98482	5.0800	-0.9400	5.0791	9.4000	48.0000
98585	5.0760	-0.9400	5.0751	9.4000	48.0000
98688	5.0800	-0.9500	5.0791	9.5000	48.0000
98791	5.0760	-0.9500	5.0751	9.4000	48.0000
98894	5.0760	-0.9500	5.0751	9.4000	48.0000
98997	5.0760	-0.9400	5.0751	9.4000	48.0000
99100	5.0760	-0.9500	5.0751	9.3000	48.0000
99203	5.0760	-0.9400	5.0751	9.5000	48.0000
99306	5.0760	-0.9500	5.0751	9.4000	48.0000
99409	5.0800	-0.9400	5.0791	9.4000	48.0000
99512	5.0760	-0.9400	5.0751	9.4000	48.0000
99615	5.0800	-0.9400	5.0791	9.3000	48.0000
99718	5.0760	-0.9400	5.0751	9.3000	48.0000
99821	5.0800	-0.9400	5.0791	9.4000	48.0000
99924	5.0760	-0.9500	5.0751	9.4000	48.0000
100027	5.0800	-0.9400	5.0791	9.4000	48.0000
100130	5.0760	-0.9400	5.0751	9.4000	48.0000
100233	5.0760	-0.9400	5.0751	9.4000	48.0000
100336	5.0800	-0.9400	5.0791	9.3000	48.0000
100439	5.0720	-0.9400	5.0711	9.4000	48.0000
100542	5.0800	-0.9400	5.0791	9.4000	48.0000
100645	5.0720	-0.9400	5.0711	9.4000	48.0000
100748	5.0760	-0.9400	5.0751	9.4000	48.0000
100851	5.0760	-0.9500	5.0751	9.5000	48.0000
100954	5.0800	-0.9400	5.0791	9.4000	48.0000
101057	5.0760	-0.9400	5.0751	9.5000	48.0000
101160	5.0760	-0.9400	5.0751	9.4000	48.0000
101263	5.0800	-0.9400	5.0791	9.5000	48.0000
101366	5.0760	-0.9400	5.0751	9.5000	48.0000
101469	5.0760	-0.9400	5.0751	9.4000	48.0000
101572	5.0720	-1.7700	5.0702	17.3000	88.0000
101675	5.0800	-0.9400	5.0791	9.4000	48.0000
101778	5.0760	-0.9400	5.0751	9.4000	48.0000
101881	5.0760	-0.9400	5.0751	9.4000	48.0000
101984	5.0760	-0.9400	5.0751	9.5000	48.0000
102087	5.0800	-0.9500	5.0791	9.4000	48.0000
102190	5.0760	-0.9400	5.0751	9.5000	48.0000
102293	5.0800	-0.9400	5.0791	9.4000	48.0000
102396	5.0760	-0.9400	5.0751	9.4000	48.0000
102499	5.0480	-5.5100	5.0425	55.1000	279.0000
102602	5.0480	-5.9800	5.0420	59.8000	301.0000
102705	5.0480	-5.6400	5.0424	56.2000	283.0000
102808	5.0480	-6.0000	5.0420	59.9000	303.0000
102911	5.0440	-6.4200	5.0376	65.1000	328.0000
103014	5.0520	-5.5500	5.0465	55.0000	279.0000
103117	5.0160	-11.5300	5.0045	115.8000	582.0000
103220	5.0160	-12.1500	5.0038	116.1000	582.0000
103323	5.0240	-12.0600	5.0119	114.4000	583.0000
103426	5.0240	-11.1000	5.0129	104.0000	523.0000
103529	5.0200	-10.4100	5.0096	103.7000	521.0000
103632	5.0240	-11.2100	5.0128	103.0000	518.0000
103735	5.0240	-10.3100	5.0137	103.0000	518.0000
103838	5.0280	-10.3100	5.0177	102.8000	516.0000
103941	5.0280	-10.4100	5.0176	103.0000	524.0000
104044	5.0160	-10.2900	5.0057	114.8000	577.0000
104147	5.0240	-10.7700	5.0132	105.1000	529.0000
104250	5.0200	-10.4800	5.0095	104.6000	526.0000
104353	5.0240	-10.4400	5.0136	103.5000	519.0000
104456	5.0240	-10.4300	5.0136	110.3000	554.0000
104559	5.0240	-10.4400	5.0136	103.5000	519.0000
104662	5.0240	-10.3500	5.0136	103.4000	582.0000
104765	5.0200	-11.6800	5.0083	106.3000	534.0000
104868	5.0240	-10.4500	5.0136	104.4000	524.0000
104971	5.0240	-10.6100	5.0134	103.2000	518.0000
105074	5.0200	-11.7500	5.0082	108.6000	518.0000
105177	5.0280	-10.3200	5.0177	103.6000	521.0000
105280	5.0240	-10.3300	5.0137	103.3000	521.0000
105383	5.0240	-10.3400	5.0137	118.3000	593.0000
105486	5.0200	-10.4100	5.0096	104.0000	523.0000
105589	5.0240	-10.4100	5.0136	105.2000	528.0000
105692	5.0240	-10.3800	5.0136	103.9000	521.0000
105795	5.0200	-10.3300	5.0097	113.0000	569.0000
105898	5.0240	-10.3400	5.0137	103.2000	518.0000
106001	5.0240	-10.3100	5.0137	103.3000	518.0000
106104	5.0160	-12.0700	5.0039	106.2000	534.0000
106207	5.0240	-10.4200	5.0136	104.2000	524.0000
106310	5.0240	-10.4200	5.0136	103.5000	519.0000
106413	5.0200	-10.3300	5.0097	109.5000	519.0000
106516	5.0240	-10.3700	5.0136	103.8000	521.0000
106619	5.0240	-10.3100	5.0137	103.4000	519.0000
106722	5.0240	-10.3500	5.0136	103.6000	519.0000
106825	5.0160	-11.4700	5.0045	104.5000	526.0000
106928	5.0240	-10.4800	5.0135	104.2000	524.0000
107031	5.0240	-10.3800	5.0136	103.5000	523.0000
107134	5.0280	-10.3500	5.0176	103.5000	519.0000
107237	5.0160	-10.3700	5.0056	108.0000	521.0000
107340	5.0240	-10.3300	5.0137	103.4000	519.0000
107443	5.0240	-10.4500	5.0136	107.1000	570.0000
107546	5.0240	-11.1200	5.0129	104.0000	523.0000
107649	5.0240	-10.4400	5.0136	103.8000	521.0000
107752	5.0120	-10.3600	5.0016	103.9000	523.0000
107855	5.0240	-10.7800	5.0132	105.3000	528.0000
107958	5.0240	-10.3200	5.0137	103.2000	519.0000
108061	5.0240	-10.3600	5.0136	103.8000	521.0000
108164	5.0160	-11.8600	5.0041	120.0000	621.0000
108267	5.0160	-12.4900	5.0035	124.7000	624.0000
108370	5.0120	-12.3700	4.9996	123.2000	624.0000
108473	5.0160	-12.4300	5.0036	125.0000	626.0000
108576	5.0120	-12.2800	4.9997	124.2000	623.0000
108679	5.0200	-11.6400	5.0084	117.7000	590.0000
108782	5.0160	-11.7200	5.0043	117.4000	603.0000
108885	5.0160	-10.5100	5.0055	105.2000	528.0000
108988	5.0240	-10.5600	5.0134	104.4000	523.0000
109091	5.0240	-10.3800	5.0136	103.7000	521.0000
109194	5.0160	-10.3900	5.0056	116.8000	587.0000
109297	5.0240	-10.3600	5.0136	103.6000	521.0000
109400	5.0240	-10.3700	5.0136	103.5000	519.0000
109503	5.0240	-10.3600	5.0136	103.9000	524.0000
109606	5.0240	-10.4200	5.0136	104.7000	526.0000
109709	5.0240	-10.4700	5.0135	104.2000	523.0000
109812	5.0240	-10.4100	5.0136	111.2000	559.0000
109915	5.0240	-10.3400	5.0137	104.5000	626.0000
110018	5.0240	-10.3700	5.0136	117.2000	588.0000
110121	5.0240	-10.4400	5.0136	103.5000	521.0000
110224	5.0240	-10.3700	5.0136	104.9000	526.0000
110327	5.0240	-10.5400	5.0135	104.3000	526.0000
110430	5.0240	-10.3900	5.0136	103.8000	521.0000
110533	5.0240	-10.3600	5.0136	103.6000	521.0000
110636	5.0240	-10.3700	5.0136	103.7000	521.0000
110739	5.0240	-10.4200	5.0136	104.2000	524.0000
110842	5.0240	-10.3700	5.0136	103.5000	519.0000
110945	5.0160	-11.6800	5.0043	104.7000	526.0000
111048	5.0240	-10.5200	5.0135	104.2000	526.0000
111151	5.0240	-10.4100	5.0136	104.5000	524.0000
111254	5.0240	-10.3500	5.0136	103.7000	521.0000
111357	5.0240	-10.3600	5.0136	104.1000	523.0000
111460	5.0240	-10.3500	5.0136	103.6000	519.0000
111563	5.0280	-10.3600	5.0176	103.7000	521.0000
111666	5.0200	-11.5600	5.0084	104.3000	528.0000
111769	5.0200	-10.4500	5.0096	120.2000	603.0000
111872	5.0240	-10.3700	5.0136	103.8000	508.0000
111975	5.0160	-10.3700	5.0056	104.3000	524.0000
112078	5.0240	-10.3500	5.0136	100.9000	506.0000
112181	5.0240	-10.4400	5.0136	104.4000	524.0000
112284	5.0240	-10.1000	5.0139	104.0000	523.0000
112387	5.0200	-10.1600	5.0098	104.2000	524.0000
112490	5.0240	-10.1400	5.0139	108.2000	544.0000
112593	5.0240	-10.4700	5.0135	116.6000	585.0000
112696	5.0200	-11.0700	5.0089	103.7000	521.0000
112799	5.0240	-10.3500	5.0136	103.5000	526.0000
112902	5.0240	-10.3300	5.0137	104.6000	526.0000
113005	5.0240	-10.4100	5.0136	105.3000	537.0000
113108	5.0240	-10.5300	5.0135	112.5000	564.0000
113211	5.0240	-10.4900	5.0135	104.5000	524.0000
113314	5.0240	-10.4700	5.0135	106.5000	536.0000
113417	5.0240	-10.4000	5.0136	103.9000	559.0000
113520	5.0160	-12.1300	5.0039	103.5000	519.0000
113623	5.0120	-12.3000	4.9997	125.4000	618.0000
113726	5.0120	-12.7400	4.9993	123.8000	621.0000
113829	5.0080	-12.6800	4.9953	130.9000	618.0000
113932	5.0160	-11.6100	5.0044	115.9000	582.0000
114035	5.0240	-10.4000	5.0136	111.2000	559.0000
114138	5.0240	-10.3400	5.0137	103.5000	519.0000
114241	5.0240	-10.3200	5.0137	104.0000	523.0000
114344	5.0160	-11.4200	5.0046	116.4000	523.0000
114447	5.0240	-10.4800	5.0135	104.3000	524.0000
114550	5.0240	-10.4100	5.0136	104.0000	521.0000
114653	5.0240	-10.3800	5.0136	103.7000	521.0000
114756	5.0240	-10.3800	5.0136	103.6000	523.0000
114859	5.0280	-10.3000	5.0177	103.9000	523.0000
114962	5.0160	-10.3200	5.0057	104.7000	519.0000
115065	5.0280	-11.0900	5.0169	111.4000	560.0000
115168	5.0240	-10.5300	5.0135	120.2000	590.0000
115271	5.0200	-11.8100	5.0082	104.1000	523.0000
115374	5.0240	-10.3500	5.0136	103.6000	521.0000
115477	5.0200	-10.3100	5.0097	117.4000	590.0000
115580	5.0240	-10.3600	5.0136	103.3000	519.0000
115683	5.0240	-10.0100	5.0140	99.8000	501.0000
115786	5.0240	-10.3800	5.0136	104.8000	526.0000
115889	5.0200	-10.4700	5.0095	104.5000	523.0000
115992	5.0240	-10.4300	5.0136	103.8000	521.0000
116095	5.0160	-12.0100	5.0040	103.9000	523.0000
116198	5.0240	-10.3400	5.0137	103.3000	519.0000
116301	5.0200	-10.3300	5.0097	104.8000	529.0000
116404	5.0240	-10.3800	5.0136	104.8000	526.0000
116507	5.0240	-12.1300	5.0119	104.7000	524.0000
116610	5.0240	-11.8900	5.0121	103.7000	521.0000
116713	5.0240	-10.3600	5.0136	103.6000	565.0000
116816	5.0240	-11.1100	5.0129	105.3000	528.0000
116919	5.0160	-10.7000	5.0053	120.2000	519.0000
117022	5.0240	-10.4000	5.0136	103.9000	523.0000
117125	5.0240	-10.5000	5.0135	105.4000	529.0000
117228	5.0200	-10.5100	5.0095	105.3000	529.0000
117331	5.0120	-10.5100	5.0015	104.8000	526.0000
117434	5.0240	-10.4800	5.0135	105.0000	567.0000
117537	5.0240	-10.4600	5.0135	104.5000	524.0000
117640	5.0160	-10.4700	5.0055	107.4000	521.0000
117743	5.0240	-10.4700	5.0135	117.0000	587.0000
117846	5.0200	-10.4300	5.0096	105.9000	532.0000
117949	5.0240	-10.7300	5.0133	106.5000	534.0000
118052	5.0160	-10.3800	5.0056	104.0000	523.0000
118155	5.0240	-10.3400	5.0137	103.5000	519.0000
118258	5.0240	-10.4700	5.0135	104.6000	523.0000
118361	5.0280	-10.3600	5.0176	103.5000	519.0000
118464	5.0240	-10.5100	5.0135	103.9000	523.0000
118567	5.0200	-10.4600	5.0095	105.1000	528.0000
118670	5.0160	-11.7600	5.0042	123.7000	621.0000
118773	5.0120	-12.3600	4.9996	123.7000	619.0000
118876	5.0120	-12.5300	4.9995	123.1000	618.0000
118979	5.0160	-11.6100	5.0044	115.9000	582.0000
119082	5.0240	-10.4000	5.0136	104.3000	524.0000
119185	5.0200	-10.4400	5.0096	104.3000	528.0000
119288	5.0240	-10.5000	5.0135	121.8000	611.0000
119391	5.0240	-10.5000	5.0135	103.8000	524.0000
119494	5.0240	-12.0800	5.0119	111.8000	562.0000
