profile,time_s,value,base_value,noise,anomaly,anomaly_injected
clean_reference,0.0,0.0,0.0,0.0,0.0,0
clean_reference,0.005,0.8139544867979521,0.8139544867979521,0.0,0.0,0
clean_reference,0.01,1.6108306066712388,1.6108306066712388,0.0,0.0,0
clean_reference,0.015,2.3739442110366458,2.3739442110366458,0.0,0.0,0
clean_reference,0.02,3.0873901145392484,3.0873901145392484,0.0,0.0,0
clean_reference,0.025,3.736408124225284,3.736408124225284,0.0,0.0,0
clean_reference,0.03,4.307721567457783,4.307721567457783,0.0,0.0,0
clean_reference,0.035,4.789840204059424,4.789840204059424,0.0,0.0,0
clean_reference,0.04,5.173320277037991,5.173320277037991,0.0,0.0,0
clean_reference,0.045,5.45097550164147,5.45097550164147,0.0,0.0,0
clean_reference,0.05,5.618033988749895,5.618033988749895,0.0,0.0,0
clean_reference,0.055,5.672237416388438,5.672237416388438,0.0,0.0,0
clean_reference,0.06,5.613880170112654,5.613880170112654,0.0,0.0,0
clean_reference,0.065,5.445787634661922,5.445787634661922,0.0,0.0,0
clean_reference,0.07,5.173234299757052,5.173234299757052,0.0,0.0,0
clean_reference,0.075,4.803803805936466,4.803803805936466,0.0,0.0,0
clean_reference,0.08,4.347194466026436,4.347194466026436,0.0,0.0,0
clean_reference,0.085,3.8149751196896506,3.8149751196896506,0.0,0.0,0
clean_reference,0.09,3.220297380128746,3.220297380128746,0.0,0.0,0
clean_reference,0.095,2.5775713840384187,2.5775713840384187,0.0,0.0,0
clean_reference,0.1,1.9021130325903077,1.9021130325903077,0.0,0.0,0
clean_reference,0.105,1.2097713912070396,1.2097713912070396,0.0,0.0,0
clean_reference,0.11,0.5165453825879383,0.5165453825879383,0.0,0.0,0
clean_reference,0.115,-0.1618008504090631,-0.1618008504090631,0.0,0.0,0
clean_reference,0.12,-0.8101145236183136,-0.8101145236183136,0.0,0.0,0
clean_reference,0.125,-1.4142135623730947,-1.4142135623730947,0.0,0.0,0
clean_reference,0.13,-1.9612199980024096,-1.9612199980024096,0.0,0.0,0
clean_reference,0.135,-2.4398593410492104,-2.4398593410492104,0.0,0.0,0
clean_reference,0.14,-2.8407187169771837,-2.8407187169771837,0.0,0.0,0
clean_reference,0.145,-3.1564575811109883,-3.1564575811109883,0.0,0.0,0
clean_reference,0.15,-3.381966011250105,-3.381966011250105,0.0,0.0,0
clean_reference,0.155,-3.5144668795874656,-3.5144668795874656,0.0,0.0,0
clean_reference,0.16,-3.5535595980520065,-3.5535595980520065,0.0,0.0,0
clean_reference,0.165,-3.5012045785972155,-3.5012045785972155,0.0,0.0,0
clean_reference,0.17,-3.3616490165584167,-3.3616490165584167,0.0,0.0,0
clean_reference,0.175,-3.141296054826652,-3.141296054826652,0.0,0.0,0
clean_reference,0.18,-2.8485207834996027,-2.8485207834996027,0.0,0.0,0
clean_reference,0.185,-2.49343783944877,-2.49343783944877,0.0,0.0,0
clean_reference,0.19,-2.087626560629936,-2.087626560629936,0.0,0.0,0
clean_reference,0.195,-1.6438206916616669,-1.6438206916616669,0.0,0.0,0
clean_reference,0.2,-1.175570504584947,-1.175570504584947,0.0,0.0,0
clean_reference,0.205,-0.696885870486381,-0.696885870486381,0.0,0.0,0
clean_reference,0.21,-0.22186927734303397,-0.22186927734303397,0.0,0.0,0
clean_reference,0.215,0.23565197420680528,0.23565197420680528,0.0,0.0,0
clean_reference,0.22,0.6624851581658622,0.6624851581658622,0.0,0.0,0
clean_reference,0.225,1.0464140763694538,1.0464140763694538,0.0,0.0,0
clean_reference,0.23,1.376515005723286,1.376515005723286,0.0,0.0,0
clean_reference,0.235,1.6434387253995852,1.6434387253995852,0.0,0.0,0
clean_reference,0.24,1.8396515637232367,1.8396515637232367,0.0,0.0,0
clean_reference,0.245,1.9596294331743906,1.9596294331743906,0.0,0.0,0
clean_reference,0.25,2.0,2.0,0.0,0.0,0
clean_reference,0.255,1.9596294331743906,1.9596294331743906,0.0,0.0,0
clean_reference,0.26,1.8396515637232371,1.8396515637232371,0.0,0.0,0
clean_reference,0.265,1.6434387253995841,1.6434387253995841,0.0,0.0,0
clean_reference,0.27,1.3765150057232878,1.3765150057232878,0.0,0.0,0
clean_reference,0.275,1.0464140763694525,1.0464140763694525,0.0,0.0,0
clean_reference,0.28,0.6624851581658635,0.6624851581658635,0.0,0.0,0
clean_reference,0.285,0.2356519742068104,0.2356519742068104,0.0,0.0,0
clean_reference,0.29,-0.22186927734303308,-0.22186927734303308,0.0,0.0,0
clean_reference,0.295,-0.6968858704863762,-0.6968858704863762,0.0,0.0,0
clean_reference,0.3,-1.1755705045849452,-1.1755705045849452,0.0,0.0,0
clean_reference,0.305,-1.6438206916616624,-1.6438206916616624,0.0,0.0,0
clean_reference,0.31,-2.0876265606299342,-2.0876265606299342,0.0,0.0,0
clean_reference,0.315,-2.493437839448772,-2.493437839448772,0.0,0.0,0
clean_reference,0.32,-2.8485207834996,-2.8485207834996,0.0,0.0,0
clean_reference,0.325,-3.141296054826654,-3.141296054826654,0.0,0.0,0
clean_reference,0.33,-3.3616490165584154,-3.3616490165584154,0.0,0.0,0
clean_reference,0.335,-3.501204578597215,-3.501204578597215,0.0,0.0,0
clean_reference,0.34,-3.553559598052005,-3.553559598052005,0.0,0.0,0
clean_reference,0.345,-3.5144668795874665,-3.5144668795874665,0.0,0.0,0
clean_reference,0.35,-3.3819660112501055,-3.3819660112501055,0.0,0.0,0
clean_reference,0.355,-3.156457581110992,-3.156457581110992,0.0,0.0,0
clean_reference,0.36,-2.840718716977185,-2.840718716977185,0.0,0.0,0
clean_reference,0.365,-2.439859341049213,-2.439859341049213,0.0,0.0,0
clean_reference,0.37,-1.9612199980024123,-1.9612199980024123,0.0,0.0,0
clean_reference,0.375,-1.4142135623730991,-1.4142135623730991,0.0,0.0,0
clean_reference,0.38,-0.8101145236183154,-0.8101145236183154,0.0,0.0,0
clean_reference,0.385,-0.16180085040906245,-0.16180085040906245,0.0,0.0,0
clean_reference,0.39,0.5165453825879356,0.5165453825879356,0.0,0.0,0
clean_reference,0.395,1.2097713912070405,1.2097713912070405,0.0,0.0,0
clean_reference,0.4,1.902113032590305,1.902113032590305,0.0,0.0,0
clean_reference,0.405,2.57757138403842,2.57757138403842,0.0,0.0,0
clean_reference,0.41,3.220297380128743,3.220297380128743,0.0,0.0,0
clean_reference,0.415,3.8149751196896453,3.8149751196896453,0.0,0.0,0
clean_reference,0.42,4.3471944660264334,4.3471944660264334,0.0,0.0,0
clean_reference,0.425,4.803803805936462,4.803803805936462,0.0,0.0,0
clean_reference,0.43,5.17323429975705,5.17323429975705,0.0,0.0,0
clean_reference,0.435,5.4457876346619205,5.4457876346619205,0.0,0.0,0
clean_reference,0.44,5.613880170112654,5.613880170112654,0.0,0.0,0
clean_reference,0.445,5.672237416388438,5.672237416388438,0.0,0.0,0
clean_reference,0.45,5.618033988749895,5.618033988749895,0.0,0.0,0
clean_reference,0.455,5.450975501641471,5.450975501641471,0.0,0.0,0
clean_reference,0.46,5.173320277037992,5.173320277037992,0.0,0.0,0
clean_reference,0.465,4.7898402040594235,4.7898402040594235,0.0,0.0,0
clean_reference,0.47,4.307721567457786,4.307721567457786,0.0,0.0,0
clean_reference,0.475,3.73640812422529,3.73640812422529,0.0,0.0,0
clean_reference,0.48,3.08739011453925,3.08739011453925,0.0,0.0,0
clean_reference,0.485,2.373944211036652,2.373944211036652,0.0,0.0,0
clean_reference,0.49,1.6108306066712434,1.6108306066712434,0.0,0.0,0
clean_reference,0.495,0.8139544867979577,0.8139544867979577,0.0,0.0,0
clean_reference,0.5,3.1840816777831186e-15,3.1840816777831186e-15,0.0,0.0,0
clean_reference,0.505,-0.8139544867979515,-0.8139544867979515,0.0,0.0,0
clean_reference,0.51,-1.610830606671244,-1.610830606671244,0.0,0.0,0
clean_reference,0.515,-2.3739442110366396,-2.3739442110366396,0.0,0.0,0
clean_reference,0.52,-3.087390114539245,-3.087390114539245,0.0,0.0,0
clean_reference,0.525,-3.736408124225285,-3.736408124225285,0.0,0.0,0
clean_reference,0.53,-4.307721567457786,-4.307721567457786,0.0,0.0,0
clean_reference,0.535,-4.789840204059427,-4.789840204059427,0.0,0.0,0
clean_reference,0.54,-5.173320277037992,-5.173320277037992,0.0,0.0,0
clean_reference,0.545,-5.45097550164147,-5.45097550164147,0.0,0.0,0
clean_reference,0.55,-5.618033988749895,-5.618033988749895,0.0,0.0,0
clean_reference,0.555,-5.6722374163884375,-5.6722374163884375,0.0,0.0,0
clean_reference,0.56,-5.613880170112655,-5.613880170112655,0.0,0.0,0
clean_reference,0.565,-5.445787634661927,-5.445787634661927,0.0,0.0,0
clean_reference,0.57,-5.173234299757057,-5.173234299757057,0.0,0.0,0
clean_reference,0.575,-4.80380380593647,-4.80380380593647,0.0,0.0,0
clean_reference,0.58,-4.347194466026438,-4.347194466026438,0.0,0.0,0
clean_reference,0.585,-3.814975119689662,-3.814975119689662,0.0,0.0,0
clean_reference,0.59,-3.220297380128755,-3.220297380128755,0.0,0.0,0
clean_reference,0.595,-2.5775713840384253,-2.5775713840384253,0.0,0.0,0
clean_reference,0.6,-1.9021130325903104,-1.9021130325903104,0.0,0.0,0
clean_reference,0.605,-1.209771391207039,-1.209771391207039,0.0,0.0,0
clean_reference,0.61,-0.5165453825879487,-0.5165453825879487,0.0,0.0,0
clean_reference,0.615,0.16180085040905734,0.16180085040905734,0.0,0.0,0
clean_reference,0.62,0.8101145236183103,0.8101145236183103,0.0,0.0,0
clean_reference,0.625,1.4142135623730934,1.4142135623730934,0.0,0.0,0
clean_reference,0.63,1.9612199980024125,1.9612199980024125,0.0,0.0,0
clean_reference,0.635,2.439859341049206,2.439859341049206,0.0,0.0,0
clean_reference,0.64,2.8407187169771837,2.8407187169771837,0.0,0.0,0
clean_reference,0.645,3.15645758111099,3.15645758111099,0.0,0.0,0
clean_reference,0.65,3.381966011250104,3.381966011250104,0.0,0.0,0
clean_reference,0.655,3.5144668795874683,3.5144668795874683,0.0,0.0,0
clean_reference,0.66,3.5535595980520074,3.5535595980520074,0.0,0.0,0
clean_reference,0.665,3.501204578597214,3.501204578597214,0.0,0.0,0
clean_reference,0.67,3.3616490165584163,3.3616490165584163,0.0,0.0,0
clean_reference,0.675,3.1412960548266473,3.1412960548266473,0.0,0.0,0
clean_reference,0.68,2.8485207834996045,2.8485207834996045,0.0,0.0,0
clean_reference,0.685,2.493437839448772,2.493437839448772,0.0,0.0,0
clean_reference,0.69,2.0876265606299427,2.0876265606299427,0.0,0.0,0
clean_reference,0.695,1.64382069166167,1.64382069166167,0.0,0.0,0
clean_reference,0.7,1.1755705045849487,1.1755705045849487,0.0,0.0,0
clean_reference,0.705,0.6968858704863926,0.6968858704863926,0.0,0.0,0
clean_reference,0.71,0.2218692773430413,0.2218692773430413,0.0,0.0,0
clean_reference,0.715,-0.2356519742068004,-0.2356519742068004,0.0,0.0,0
clean_reference,0.72,-0.6624851581658606,-0.6624851581658606,0.0,0.0,0
clean_reference,0.725,-1.0464140763694558,-1.0464140763694558,0.0,0.0,0
clean_reference,0.73,-1.376515005723281,-1.376515005723281,0.0,0.0,0
clean_reference,0.735,-1.6434387253995824,-1.6434387253995824,0.0,0.0,0
clean_reference,0.74,-1.8396515637232362,-1.8396515637232362,0.0,0.0,0
clean_reference,0.745,-1.959629433174391,-1.959629433174391,0.0,0.0,0
clean_reference,0.75,-2.0,-2.0,0.0,0.0,0
clean_reference,0.755,-1.9596294331743918,-1.9596294331743918,0.0,0.0,0
clean_reference,0.76,-1.8396515637232382,-1.8396515637232382,0.0,0.0,0
clean_reference,0.765,-1.6434387253995852,-1.6434387253995852,0.0,0.0,0
clean_reference,0.77,-1.376515005723284,-1.376515005723284,0.0,0.0,0
clean_reference,0.775,-1.0464140763694598,-1.0464140763694598,0.0,0.0,0
clean_reference,0.78,-0.6624851581658653,-0.6624851581658653,0.0,0.0,0
clean_reference,0.785,-0.23565197420680573,-0.23565197420680573,0.0,0.0,0
clean_reference,0.79,0.22186927734303552,0.22186927734303552,0.0,0.0,0
clean_reference,0.795,0.6968858704863871,0.6968858704863871,0.0,0.0,0
clean_reference,0.8,1.1755705045849432,1.1755705045849432,0.0,0.0,0
clean_reference,0.805,1.6438206916616647,1.6438206916616647,0.0,0.0,0
clean_reference,0.81,2.087626560629938,2.087626560629938,0.0,0.0,0
clean_reference,0.815,2.493437839448767,2.493437839448767,0.0,0.0,0
clean_reference,0.82,2.848520783499601,2.848520783499601,0.0,0.0,0
clean_reference,0.825,3.141296054826644,3.141296054826644,0.0,0.0,0
clean_reference,0.83,3.361649016558414,3.361649016558414,0.0,0.0,0
clean_reference,0.835,3.5012045785972132,3.5012045785972132,0.0,0.0,0
clean_reference,0.84,3.5535595980520074,3.5535595980520074,0.0,0.0,0
clean_reference,0.845,3.514466879587469,3.514466879587469,0.0,0.0,0
clean_reference,0.85,3.3819660112501095,3.3819660112501095,0.0,0.0,0
clean_reference,0.855,3.1564575811109927,3.1564575811109927,0.0,0.0,0
clean_reference,0.86,2.840718716977185,2.840718716977185,0.0,0.0,0
clean_reference,0.865,2.439859341049214,2.439859341049214,0.0,0.0,0
clean_reference,0.87,1.9612199980024185,1.9612199980024185,0.0,0.0,0
clean_reference,0.875,1.4142135623731003,1.4142135623731003,0.0,0.0,0
clean_reference,0.88,0.8101145236183203,0.8101145236183203,0.0,0.0,0
clean_reference,0.885,0.1618008504090651,0.1618008504090651,0.0,0.0,0
clean_reference,0.89,-0.5165453825879405,-0.5165453825879405,0.0,0.0,0
clean_reference,0.895,-1.2097713912070294,-1.2097713912070294,0.0,0.0,0
clean_reference,0.9,-1.9021130325903024,-1.9021130325903024,0.0,0.0,0
clean_reference,0.905,-2.577571384038418,-2.577571384038418,0.0,0.0,0
clean_reference,0.91,-3.2202973801287476,-3.2202973801287476,0.0,0.0,0
clean_reference,0.915,-3.814975119689656,-3.814975119689656,0.0,0.0,0
clean_reference,0.92,-4.347194466026432,-4.347194466026432,0.0,0.0,0
clean_reference,0.925,-4.803803805936465,-4.803803805936465,0.0,0.0,0
clean_reference,0.93,-5.173234299757054,-5.173234299757054,0.0,0.0,0
clean_reference,0.935,-5.445787634661924,-5.445787634661924,0.0,0.0,0
clean_reference,0.94,-5.613880170112653,-5.613880170112653,0.0,0.0,0
clean_reference,0.945,-5.672237416388436,-5.672237416388436,0.0,0.0,0
clean_reference,0.95,-5.618033988749898,-5.618033988749898,0.0,0.0,0
clean_reference,0.955,-5.450975501641473,-5.450975501641473,0.0,0.0,0
clean_reference,0.96,-5.173320277037993,-5.173320277037993,0.0,0.0,0
clean_reference,0.965,-4.789840204059435,-4.789840204059435,0.0,0.0,0
clean_reference,0.97,-4.307721567457792,-4.307721567457792,0.0,0.0,0
clean_reference,0.975,-3.7364081242252896,-3.7364081242252896,0.0,0.0,0
clean_reference,0.98,-3.0873901145392564,-3.0873901145392564,0.0,0.0,0
clean_reference,0.985,-2.3739442110366484,-2.3739442110366484,0.0,0.0,0
clean_reference,0.99,-1.6108306066712497,-1.6108306066712497,0.0,0.0,0
clean_reference,0.995,-0.8139544867979643,-0.8139544867979643,0.0,0.0,0
clean_reference,1.0,-6.368163355566237e-15,-6.368163355566237e-15,0.0,0.0,0
clean_reference,1.005,0.8139544867979306,0.8139544867979306,0.0,0.0,0
clean_reference,1.01,1.6108306066712375,1.6108306066712375,0.0,0.0,0
clean_reference,1.015,2.3739442110366173,2.3739442110366173,0.0,0.0,0
clean_reference,1.02,3.0873901145392573,3.0873901145392573,0.0,0.0,0
clean_reference,1.025,3.73640812422527,3.73640812422527,0.0,0.0,0
clean_reference,1.03,4.307721567457776,4.307721567457776,0.0,0.0,0
clean_reference,1.035,4.789840204059416,4.789840204059416,0.0,0.0,0
clean_reference,1.04,5.173320277037988,5.173320277037988,0.0,0.0,0
clean_reference,1.045,5.450975501641465,5.450975501641465,0.0,0.0,0
clean_reference,1.05,5.618033988749896,5.618033988749896,0.0,0.0,0
clean_reference,1.055,5.672237416388441,5.672237416388441,0.0,0.0,0
clean_reference,1.06,5.61388017011265,5.61388017011265,0.0,0.0,0
clean_reference,1.065,5.445787634661928,5.445787634661928,0.0,0.0,0
clean_reference,1.07,5.173234299757041,5.173234299757041,0.0,0.0,0
clean_reference,1.075,4.803803805936472,4.803803805936472,0.0,0.0,0
clean_reference,1.08,4.3471944660264406,4.3471944660264406,0.0,0.0,0
clean_reference,1.085,3.814975119689652,3.814975119689652,0.0,0.0,0
clean_reference,1.09,3.2202973801287436,3.2202973801287436,0.0,0.0,0
clean_reference,1.095,2.5775713840384142,2.5775713840384142,0.0,0.0,0
clean_reference,1.1,1.9021130325902988,1.9021130325902988,0.0,0.0,0
clean_reference,1.105,1.2097713912070542,1.2097713912070542,0.0,0.0,0
clean_reference,1.11,0.5165453825879207,0.5165453825879207,0.0,0.0,0
clean_reference,1.115,-0.1618008504090549,-0.1618008504090549,0.0,0.0,0
clean_reference,1.12,-0.8101145236183105,-0.8101145236183105,0.0,0.0,0
clean_reference,1.125,-1.414213562373091,-1.414213562373091,0.0,0.0,0
clean_reference,1.13,-1.961219998002388,-1.961219998002388,0.0,0.0,0
clean_reference,1.135,-2.439859341049214,-2.439859341049214,0.0,0.0,0
clean_reference,1.14,-2.8407187169771753,-2.8407187169771753,0.0,0.0,0
clean_reference,1.145,-3.1564575811109865,-3.1564575811109865,0.0,0.0,0
clean_reference,1.15,-3.3819660112501,-3.3819660112501,0.0,0.0,0
clean_reference,1.155,-3.5144668795874647,-3.5144668795874647,0.0,0.0,0
clean_reference,1.16,-3.553559598052,-3.553559598052,0.0,0.0,0
clean_reference,1.165,-3.501204578597218,-3.501204578597218,0.0,0.0,0
clean_reference,1.17,-3.36164901655843,-3.36164901655843,0.0,0.0,0
clean_reference,1.175,-3.1412960548266486,-3.1412960548266486,0.0,0.0,0
clean_reference,1.18,-2.848520783499614,-2.848520783499614,0.0,0.0,0
clean_reference,1.185,-2.4934378394487573,-2.4934378394487573,0.0,0.0,0
clean_reference,1.19,-2.0876265606299413,-2.0876265606299413,0.0,0.0,0
clean_reference,1.195,-1.643820691661678,-1.643820691661678,0.0,0.0,0
clean_reference,1.2,-1.1755705045849507,-1.1755705045849507,0.0,0.0,0
clean_reference,1.205,-0.6968858704863832,-0.6968858704863832,0.0,0.0,0
clean_reference,1.21,-0.22186927734302953,-0.22186927734302953,0.0,0.0,0
clean_reference,1.215,0.2356519742068115,0.2356519742068115,0.0,0.0,0
clean_reference,1.22,0.6624851581658493,0.6624851581658493,0.0,0.0,0
clean_reference,1.225,1.046414076369461,1.046414076369461,0.0,0.0,0
clean_reference,1.23,1.3765150057232793,1.3765150057232793,0.0,0.0,0
clean_reference,1.235,1.6434387253995935,1.6434387253995935,0.0,0.0,0
clean_reference,1.24,1.8396515637232356,1.8396515637232356,0.0,0.0,0
clean_reference,1.245,1.9596294331743906,1.9596294331743906,0.0,0.0,0
clean_reference,1.25,2.0,2.0,0.0,0.0,0
clean_reference,1.255,1.9596294331743944,1.9596294331743944,0.0,0.0,0
clean_reference,1.26,1.8396515637232345,1.8396515637232345,0.0,0.0,0
clean_reference,1.265,1.6434387253995917,1.6434387253995917,0.0,0.0,0
clean_reference,1.27,1.3765150057232935,1.3765150057232935,0.0,0.0,0
clean_reference,1.275,1.046414076369458,1.046414076369458,0.0,0.0,0
clean_reference,1.28,0.6624851581658686,0.6624851581658686,0.0,0.0,0
clean_reference,1.285,0.2356519742068075,0.2356519742068075,0.0,0.0,0
clean_reference,1.29,-0.22186927734303397,-0.22186927734303397,0.0,0.0,0
clean_reference,1.295,-0.6968858704863597,-0.6968858704863597,0.0,0.0,0
clean_reference,1.3,-1.1755705045849556,-1.1755705045849556,0.0,0.0,0
clean_reference,1.305,-1.643820691661655,-1.643820691661655,0.0,0.0,0
clean_reference,1.31,-2.0876265606299196,-2.0876265606299196,0.0,0.0,0
clean_reference,1.315,-2.4934378394487626,-2.4934378394487626,0.0,0.0,0
clean_reference,1.32,-2.848520783499596,-2.848520783499596,0.0,0.0,0
clean_reference,1.325,-3.1412960548266535,-3.1412960548266535,0.0,0.0,0
clean_reference,1.33,-3.3616490165584176,-3.3616490165584176,0.0,0.0,0
clean_reference,1.335,-3.5012045785972097,-3.5012045785972097,0.0,0.0,0
clean_reference,1.34,-3.5535595980520047,-3.5535595980520047,0.0,0.0,0
clean_reference,1.345,-3.5144668795874643,-3.5144668795874643,0.0,0.0,0
clean_reference,1.35,-3.3819660112501038,-3.3819660112501038,0.0,0.0,0
clean_reference,1.355,-3.156457581110994,-3.156457581110994,0.0,0.0,0
clean_reference,1.36,-2.8407187169771864,-2.8407187169771864,0.0,0.0,0
clean_reference,1.365,-2.4398593410492158,-2.4398593410492158,0.0,0.0,0
clean_reference,1.37,-1.9612199980024065,-1.9612199980024065,0.0,0.0,0
clean_reference,1.375,-1.4142135623730923,-1.4142135623730923,0.0,0.0,0
clean_reference,1.38,-0.810114523618334,-0.810114523618334,0.0,0.0,0
clean_reference,1.385,-0.16180085040908043,-0.16180085040908043,0.0,0.0,0
clean_reference,1.39,0.5165453825879209,0.5165453825879209,0.0,0.0,0
clean_reference,1.395,1.2097713912070267,1.2097713912070267,0.0,0.0,0
clean_reference,1.4,1.9021130325902997,1.9021130325902997,0.0,0.0,0
clean_reference,1.405,2.577571384038415,2.577571384038415,0.0,0.0,0
clean_reference,1.41,3.2202973801287182,3.2202973801287182,0.0,0.0,0
clean_reference,1.415,3.8149751196896533,3.8149751196896533,0.0,0.0,0
clean_reference,1.42,4.347194466026419,4.347194466026419,0.0,0.0,0
clean_reference,1.425,4.803803805936473,4.803803805936473,0.0,0.0,0
clean_reference,1.43,5.173234299757044,5.173234299757044,0.0,0.0,0
clean_reference,1.435,5.445787634661917,5.445787634661917,0.0,0.0,0
clean_reference,1.44,5.613880170112653,5.613880170112653,0.0,0.0,0
clean_reference,1.445,5.6722374163884375,5.6722374163884375,0.0,0.0,0
clean_reference,1.45,5.6180339887498985,5.6180339887498985,0.0,0.0,0
clean_reference,1.455,5.450975501641467,5.450975501641467,0.0,0.0,0
clean_reference,1.46,5.173320277037998,5.173320277037998,0.0,0.0,0
clean_reference,1.465,4.789840204059418,4.789840204059418,0.0,0.0,0
clean_reference,1.47,4.3077215674577936,4.3077215674577936,0.0,0.0,0
clean_reference,1.475,3.7364081242252714,3.7364081242252714,0.0,0.0,0
clean_reference,1.48,3.087390114539259,3.087390114539259,0.0,0.0,0
clean_reference,1.485,2.373944211036645,2.373944211036645,0.0,0.0,0
clean_reference,1.49,1.610830606671239,1.610830606671239,0.0,0.0,0
clean_reference,1.495,0.8139544867979464,0.8139544867979464,0.0,0.0,0
clean_reference,1.5,2.3763099748551358e-14,2.3763099748551358e-14,0.0,0.0,0
clean_reference,1.505,-0.8139544867979276,-0.8139544867979276,0.0,0.0,0
clean_reference,1.51,-1.6108306066712208,-1.6108306066712208,0.0,0.0,0
clean_reference,1.515,-2.373944211036627,-2.373944211036627,0.0,0.0,0
clean_reference,1.52,-3.087390114539243,-3.087390114539243,0.0,0.0,0
clean_reference,1.525,-3.736408124225257,-3.736408124225257,0.0,0.0,0
clean_reference,1.53,-4.307721567457781,-4.307721567457781,0.0,0.0,0
clean_reference,1.535,-4.789840204059408,-4.789840204059408,0.0,0.0,0
clean_reference,1.54,-5.173320277037991,-5.173320277037991,0.0,0.0,0
clean_reference,1.545,-5.450975501641461,-5.450975501641461,0.0,0.0,0
clean_reference,1.55,-5.618033988749896,-5.618033988749896,0.0,0.0,0
clean_reference,1.555,-5.672237416388438,-5.672237416388438,0.0,0.0,0
clean_reference,1.56,-5.6138801701126555,-5.6138801701126555,0.0,0.0,0
clean_reference,1.565,-5.445787634661922,-5.445787634661922,0.0,0.0,0
clean_reference,1.57,-5.173234299757051,-5.173234299757051,0.0,0.0,0
clean_reference,1.575,-4.803803805936483,-4.803803805936483,0.0,0.0,0
clean_reference,1.58,-4.347194466026431,-4.347194466026431,0.0,0.0,0
clean_reference,1.585,-3.8149751196896666,-3.8149751196896666,0.0,0.0,0
clean_reference,1.59,-3.2202973801287325,-3.2202973801287325,0.0,0.0,0
clean_reference,1.595,-2.5775713840384302,-2.5775713840384302,0.0,0.0,0
clean_reference,1.6,-1.9021130325903157,-1.9021130325903157,0.0,0.0,0
clean_reference,1.605,-1.2097713912070431,-1.2097713912070431,0.0,0.0,0
clean_reference,1.61,-0.5165453825879369,-0.5165453825879369,0.0,0.0,0
clean_reference,1.615,0.1618008504090649,0.1618008504090649,0.0,0.0,0
clean_reference,1.62,0.8101145236183191,0.8101145236183191,0.0,0.0,0
clean_reference,1.625,1.414213562373079,1.414213562373079,0.0,0.0,0
clean_reference,1.63,1.9612199980023948,1.9612199980023948,0.0,0.0,0
clean_reference,1.635,2.439859341049206,2.439859341049206,0.0,0.0,0
clean_reference,1.64,2.840718716977178,2.840718716977178,0.0,0.0,0
clean_reference,1.645,3.156457581110988,3.156457581110988,0.0,0.0,0
clean_reference,1.65,3.3819660112500993,3.3819660112500993,0.0,0.0,0
clean_reference,1.655,3.514466879587462,3.514466879587462,0.0,0.0,0
clean_reference,1.66,3.5535595980520047,3.5535595980520047,0.0,0.0,0
clean_reference,1.665,3.501204578597212,3.501204578597212,0.0,0.0,0
clean_reference,1.67,3.361649016558422,3.361649016558422,0.0,0.0,0
clean_reference,1.675,3.1412960548266593,3.1412960548266593,0.0,0.0,0
clean_reference,1.68,2.8485207834996036,2.8485207834996036,0.0,0.0,0
clean_reference,1.685,2.4934378394487715,2.4934378394487715,0.0,0.0,0
clean_reference,1.69,2.0876265606299294,2.0876265606299294,0.0,0.0,0
clean_reference,1.695,1.6438206916616656,1.6438206916616656,0.0,0.0,0
clean_reference,1.7,1.1755705045849612,1.1755705045849612,0.0,0.0,0
clean_reference,1.705,0.6968858704863709,0.6968858704863709,0.0,0.0,0
clean_reference,1.71,0.22186927734304507,0.22186927734304507,0.0,0.0,0
clean_reference,1.715,-0.23565197420679285,-0.23565197420679285,0.0,0.0,0
clean_reference,1.72,-0.6624851581658551,-0.6624851581658551,0.0,0.0,0
clean_reference,1.725,-1.046414076369453,-1.046414076369453,0.0,0.0,0
clean_reference,1.73,-1.3765150057232893,-1.3765150057232893,0.0,0.0,0
clean_reference,1.735,-1.6434387253995861,-1.6434387253995861,0.0,0.0,0
clean_reference,1.74,-1.839651563723231,-1.839651563723231,0.0,0.0,0
clean_reference,1.745,-1.9596294331743918,-1.9596294331743918,0.0,0.0,0
clean_reference,1.75,-2.0,-2.0,0.0,0.0,0
clean_reference,1.755,-1.9596294331743924,-1.9596294331743924,0.0,0.0,0
clean_reference,1.76,-1.8396515637232378,-1.8396515637232378,0.0,0.0,0
clean_reference,1.765,-1.643438725399597,-1.643438725399597,0.0,0.0,0
clean_reference,1.77,-1.3765150057232867,-1.3765150057232867,0.0,0.0,0
clean_reference,1.775,-1.0464140763694696,-1.0464140763694696,0.0,0.0,0
clean_reference,1.78,-0.6624851581658588,-0.6624851581658588,0.0,0.0,0
clean_reference,1.785,-0.23565197420682193,-0.23565197420682193,0.0,0.0,0
clean_reference,1.79,0.2218692773430233,0.2218692773430233,0.0,0.0,0
clean_reference,1.795,0.6968858704863773,0.6968858704863773,0.0,0.0,0
clean_reference,1.8,1.1755705045849396,1.1755705045849396,0.0,0.0,0
clean_reference,1.805,1.643820691661667,1.643820691661667,0.0,0.0,0
clean_reference,1.81,2.087626560629931,2.087626560629931,0.0,0.0,0
clean_reference,1.815,2.4934378394487484,2.4934378394487484,0.0,0.0,0
clean_reference,1.82,2.8485207834996134,2.8485207834996134,0.0,0.0,0
clean_reference,1.825,3.1412960548266353,3.1412960548266353,0.0,0.0,0
clean_reference,1.83,3.3616490165584256,3.3616490165584256,0.0,0.0,0
clean_reference,1.835,3.501204578597216,3.501204578597216,0.0,0.0,0
clean_reference,1.84,3.553559598052,3.553559598052,0.0,0.0,0
clean_reference,1.845,3.5144668795874665,3.5144668795874665,0.0,0.0,0
clean_reference,1.85,3.3819660112501113,3.3819660112501113,0.0,0.0,0
clean_reference,1.855,3.1564575811109865,3.1564575811109865,0.0,0.0,0
clean_reference,1.86,2.8407187169771833,2.8407187169771833,0.0,0.0,0
clean_reference,1.865,2.439859341049224,2.439859341049224,0.0,0.0,0
clean_reference,1.87,1.9612199980024005,1.9612199980024005,0.0,0.0,0
clean_reference,1.875,1.414213562373105,1.414213562373105,0.0,0.0,0
clean_reference,1.88,0.8101145236183251,0.8101145236183251,0.0,0.0,0
clean_reference,1.885,0.16180085040906644,0.16180085040906644,0.0,0.0,0
clean_reference,1.89,-0.5165453825879083,-0.5165453825879083,0.0,0.0,0
clean_reference,1.895,-1.2097713912070382,-1.2097713912070382,0.0,0.0,0
clean_reference,1.9,-1.9021130325902806,-1.9021130325902806,0.0,0.0,0
clean_reference,1.905,-2.5775713840383983,-2.5775713840383983,0.0,0.0,0
clean_reference,1.91,-3.220297380128729,-3.220297380128729,0.0,0.0,0
clean_reference,1.915,-3.814975119689639,-3.814975119689639,0.0,0.0,0
clean_reference,1.92,-4.347194466026428,-4.347194466026428,0.0,0.0,0
clean_reference,1.925,-4.803803805936462,-4.803803805936462,0.0,0.0,0
clean_reference,1.93,-5.173234299757036,-5.173234299757036,0.0,0.0,0
clean_reference,1.935,-5.445787634661923,-5.445787634661923,0.0,0.0,0
clean_reference,1.94,-5.6138801701126475,-5.6138801701126475,0.0,0.0,0
clean_reference,1.945,-5.6722374163884375,-5.6722374163884375,0.0,0.0,0
clean_reference,1.95,-5.618033988749895,-5.618033988749895,0.0,0.0,0
clean_reference,1.955,-5.450975501641475,-5.450975501641475,0.0,0.0,0
clean_reference,1.96,-5.173320277038001,-5.173320277038001,0.0,0.0,0
clean_reference,1.965,-4.789840204059426,-4.789840204059426,0.0,0.0,0
clean_reference,1.97,-4.307721567457787,-4.307721567457787,0.0,0.0,0
clean_reference,1.975,-3.7364081242252776,-3.7364081242252776,0.0,0.0,0
clean_reference,1.98,-3.0873901145392666,-3.0873901145392666,0.0,0.0,0
clean_reference,1.985,-2.3739442110366413,-2.3739442110366413,0.0,0.0,0
clean_reference,1.99,-1.6108306066712628,-1.6108306066712628,0.0,0.0,0
clean_reference,1.995,-0.8139544867979356,-0.8139544867979356,0.0,0.0,0
clean_reference,2.0,-1.2736326711132474e-14,-1.2736326711132474e-14,0.0,0.0,0
noisy_reference,0.0,-0.026665065676594324,0.0,-0.026665065676594324,0.0,0
noisy_reference,0.005,0.9676183686087215,0.8139544867979521,0.15366388181076937,0.0,0
noisy_reference,0.01,1.2770556133042636,1.6108306066712388,-0.333774993366975,0.0,0
noisy_reference,0.015,2.544136267970574,2.3739442110366458,0.17019205693392847,0.0,0
noisy_reference,0.02,3.0381383511914204,3.0873901145392484,-0.04925176334782791,0.0,0
noisy_reference,0.025,3.5485157858739624,3.736408124225284,-0.18789233835132146,0.0,0
noisy_reference,0.03,4.490245432753013,4.307721567457783,0.18252386529523026,0.0,0
noisy_reference,0.035,4.799068736636644,4.789840204059424,0.009228532577219539,0.0,0
noisy_reference,0.04,5.259494433667978,5.173320277037991,0.0861741566299866,0.0,0
noisy_reference,0.045,5.836452026579712,5.45097550164147,0.3854765249382416,0.0,0
noisy_reference,0.05,5.383992639478107,5.618033988749895,-0.23404134927178755,0.0,0
noisy_reference,0.055,5.432480497634066,5.672237416388438,-0.23975691875437183,0.0,0
noisy_reference,0.06,5.742637111205962,5.613880170112654,0.1287569410933081,0.0,0
noisy_reference,0.065,5.606931550240912,5.445787634661922,0.16114391557898938,0.0,0
noisy_reference,0.07,5.188585752392502,5.173234299757052,0.015351452635449903,0.0,0
noisy_reference,0.075,4.521057190283832,4.803803805936466,-0.2827466156526343,0.0,0
noisy_reference,0.08,4.020502724407482,4.347194466026436,-0.3266917416189545,0.0,0
noisy_reference,0.085,4.17870805661298,3.8149751196896506,0.36373293692333,0.0,0
noisy_reference,0.09,3.1278676784492596,3.220297380128746,-0.09242970167948616,0.0,0
noisy_reference,0.095,2.7492809659154562,2.5775713840384187,0.17170958187703747,0.0,0
noisy_reference,0.1,1.9349142366330034,1.9021130325903077,0.03280120404269571,0.0,0
noisy_reference,0.105,0.7144511031860805,1.2097713912070396,-0.49532028802095907,0.0,0
noisy_reference,0.11,0.3390968949388604,0.5165453825879383,-0.1774484876490778,0.0,0
noisy_reference,0.115,-0.3030864197558725,-0.1618008504090631,-0.14128556934680941,0.0,0
noisy_reference,0.12,-0.5873704741086188,-0.8101145236183136,0.2227440495096948,0.0,0
noisy_reference,0.125,-1.313549158920402,-1.4142135623730947,0.10066440345269267,0.0,0
noisy_reference,0.13,-2.0321996540651925,-1.9612199980024096,-0.07097965606278293,0.0,0
noisy_reference,0.135,-2.1842266277388758,-2.4398593410492104,0.2556327133103348,0.0,0
noisy_reference,0.14,-2.528637236738578,-2.8407187169771837,0.31208148023860577,0.0,0
noisy_reference,0.145,-3.531372135006328,-3.1564575811109883,-0.37491455389534,0.0,0
noisy_reference,0.15,-3.3149959696074482,-3.381966011250105,0.06697004164265703,0.0,0
noisy_reference,0.155,-3.896351771542155,-3.5144668795874656,-0.3818848919546895,0.0,0
noisy_reference,0.16,-3.870330241494124,-3.5535595980520065,-0.31677064344211736,0.0,0
noisy_reference,0.165,-3.713157700442815,-3.5012045785972155,-0.2119531218455995,0.0,0
noisy_reference,0.17,-3.4667188665024082,-3.3616490165584167,-0.1050698499439914,0.0,0
noisy_reference,0.175,-3.1763322609405336,-3.141296054826652,-0.03503620611388154,0.0,0
noisy_reference,0.18,-2.8907647959304352,-2.8485207834996027,-0.042244012430832714,0.0,0
noisy_reference,0.185,-2.4691211213397444,-2.49343783944877,0.024316718109025717,0.0,0
noisy_reference,0.19,-1.8782999861420155,-2.087626560629936,0.20932657448792044,0.0,0
noisy_reference,0.195,-1.7002464419769554,-1.6438206916616669,-0.05642575031528843,0.0,0
noisy_reference,0.2,-1.107153351434075,-1.175570504584947,0.06841715315087189,0.0,0
noisy_reference,0.205,-0.42493957018282985,-0.696885870486381,0.2719463003035511,0.0,0
noisy_reference,0.21,-0.15024093908813224,-0.22186927734303397,0.07162833825490171,0.0,0
noisy_reference,0.215,0.4440669389591736,0.23565197420680528,0.2084149647523683,0.0,0
noisy_reference,0.22,0.27518744958109864,0.6624851581658622,-0.38729770858476353,0.0,0
noisy_reference,0.225,0.9260945798737302,1.0464140763694538,-0.12031949649572359,0.0,0
noisy_reference,0.23,1.5882150157928625,1.376515005723286,0.2117000100695764,0.0,0
noisy_reference,0.235,1.560006307598136,1.6434387253995852,-0.08343241780144926,0.0,0
noisy_reference,0.24,2.195907303454079,1.8396515637232367,0.3562557397308423,0.0,0
noisy_reference,0.245,1.7690509203291604,1.9596294331743906,-0.1905785128452301,0.0,0
noisy_reference,0.25,1.8561950309798576,2.0,-0.14380496902014245,0.0,0
noisy_reference,0.255,1.816233948296781,1.9596294331743906,-0.14339548487760947,0.0,0
noisy_reference,0.26,2.1939105271317114,1.8396515637232371,0.3542589634084745,0.0,0
noisy_reference,0.265,1.924459259410426,1.6434387253995841,0.28102053401084176,0.0,0
noisy_reference,0.27,1.1983871383724374,1.3765150057232878,-0.1781278673508503,0.0,0
noisy_reference,0.275,1.4761679457758086,1.0464140763694525,0.4297538694063562,0.0,0
noisy_reference,0.28,0.8111104208408845,0.6624851581658635,0.14862526267502094,0.0,0
noisy_reference,0.285,0.459555535037068,0.2356519742068104,0.2239035608302576,0.0,0
noisy_reference,0.29,-0.4623522393442606,-0.22186927734303308,-0.24048296200122757,0.0,0
noisy_reference,0.295,-0.6468654142537752,-0.6968858704863762,0.050020456232600985,0.0,0
noisy_reference,0.3,-1.0464755401493664,-1.1755705045849452,0.12909496443557877,0.0,0
noisy_reference,0.305,-1.5883008696416905,-1.6438206916616624,0.055519822019972055,0.0,0
noisy_reference,0.31,-2.219298933329573,-2.0876265606299342,-0.1316723726996388,0.0,0
noisy_reference,0.315,-2.5402155725956317,-2.493437839448772,-0.046777733146859825,0.0,0
noisy_reference,0.32,-2.4903831421278744,-2.8485207834996,0.3581376413717255,0.0,0
noisy_reference,0.325,-3.5050587887172737,-3.141296054826654,-0.36376273389061975,0.0,0
noisy_reference,0.33,-3.3782211013523695,-3.3616490165584154,-0.01657208479395429,0.0,0
noisy_reference,0.335,-3.582565119993375,-3.501204578597215,-0.08136054139615984,0.0,0
noisy_reference,0.34,-3.2070872125853307,-3.553559598052005,0.3464723854666746,0.0,0
noisy_reference,0.345,-3.6155779383155635,-3.5144668795874665,-0.10111105872809692,0.0,0
noisy_reference,0.35,-3.36826307160991,-3.3819660112501055,0.013702939640195666,0.0,0
noisy_reference,0.355,-3.3996850594240717,-3.156457581110992,-0.2432274783130799,0.0,0
noisy_reference,0.36,-2.8756372353497444,-2.840718716977185,-0.03491851837255951,0.0,0
noisy_reference,0.365,-2.516858601133218,-2.439859341049213,-0.076999260084005,0.0,0
noisy_reference,0.37,-1.6717421051561991,-1.9612199980024123,0.2894778928462131,0.0,0
noisy_reference,0.375,-1.711112490587173,-1.4142135623730991,-0.296898928214074,0.0,0
noisy_reference,0.38,-0.8038192605015329,-0.8101145236183154,0.006295263116782479,0.0,0
noisy_reference,0.385,-0.21483611972652059,-0.16180085040906245,-0.053035269317458146,0.0,0
noisy_reference,0.39,0.6015493233222504,0.5165453825879356,0.08500394073431483,0.0,0
noisy_reference,0.395,0.7810708171320053,1.2097713912070405,-0.4287005740750351,0.0,0
noisy_reference,0.4,1.9309223913353755,1.902113032590305,0.02880935874507049,0.0,0
noisy_reference,0.405,2.7216706054039697,2.57757138403842,0.14409922136554948,0.0,0
noisy_reference,0.41,3.245907051645462,3.220297380128743,0.02560967151671889,0.0,0
noisy_reference,0.415,3.93134765751592,3.8149751196896453,0.11637253782627469,0.0,0
noisy_reference,0.42,4.630278636519518,4.3471944660264334,0.28308417049308404,0.0,0
noisy_reference,0.425,4.934664785728859,4.803803805936462,0.13086097979239675,0.0,0
noisy_reference,0.43,5.073118062015128,5.17323429975705,-0.10011623774192202,0.0,0
noisy_reference,0.435,5.408739478978584,5.4457876346619205,-0.03704815568333686,0.0,0
noisy_reference,0.44,5.392490788287337,5.613880170112654,-0.2213893818253162,0.0,0
noisy_reference,0.445,5.535872615687436,5.672237416388438,-0.13636480070100276,0.0,0
noisy_reference,0.45,5.69886863138016,5.618033988749895,0.08083464263026485,0.0,0
noisy_reference,0.455,5.5469801501238996,5.450975501641471,0.09600464848242805,0.0,0
noisy_reference,0.46,5.233651988038832,5.173320277037992,0.060331711000840296,0.0,0
noisy_reference,0.465,4.837723099428479,4.7898402040594235,0.04788289536905541,0.0,0
noisy_reference,0.47,4.32454469127624,4.307721567457786,0.01682312381845481,0.0,0
noisy_reference,0.475,3.936370464148067,3.73640812422529,0.1999623399227769,0.0,0
noisy_reference,0.48,2.919107030185752,3.08739011453925,-0.16828308435349798,0.0,0
noisy_reference,0.485,2.274186683872525,2.373944211036652,-0.09975752716412707,0.0,0
noisy_reference,0.49,1.7587832191951533,1.6108306066712434,0.1479526125239099,0.0,0
noisy_reference,0.495,1.028351138216464,0.8139544867979577,0.21439665141850633,0.0,0
noisy_reference,0.5,0.24522075314196617,3.1840816777831186e-15,0.24522075314196298,0.0,0
noisy_reference,0.505,-0.885962239443714,-0.8139544867979515,-0.07200775264576258,0.0,0
noisy_reference,0.51,-1.6889155270827274,-1.610830606671244,-0.07808492041148352,0.0,0
noisy_reference,0.515,-2.383797730584802,-2.3739442110366396,-0.009853519548162205,0.0,0
noisy_reference,0.52,-3.476616213314463,-3.087390114539245,-0.3892260987752179,0.0,0
noisy_reference,0.525,-3.7064307432683012,-3.736408124225285,0.029977380956983702,0.0,0
noisy_reference,0.53,-4.0990288506020685,-4.307721567457786,0.2086927168557171,0.0,0
noisy_reference,0.535,-4.6414371637517595,-4.789840204059427,0.14840304030766785,0.0,0
noisy_reference,0.54,-5.348407132035802,-5.173320277037992,-0.17508685499780957,0.0,0
noisy_reference,0.545,-5.461775382854535,-5.45097550164147,-0.0107998812130651,0.0,0
noisy_reference,0.55,-5.289377191096678,-5.618033988749895,0.3286567976532171,0.0,0
noisy_reference,0.555,-5.8255204978140895,-5.6722374163884375,-0.15328308142565242,0.0,0
noisy_reference,0.56,-5.681178903152251,-5.613880170112655,-0.06729873303959587,0.0,0
noisy_reference,0.565,-5.218858984766352,-5.445787634661927,0.22692864989557507,0.0,0
noisy_reference,0.57,-4.8460321944381155,-5.173234299757057,0.3272021053189418,0.0,0
noisy_reference,0.575,-4.628257853612751,-4.80380380593647,0.17554595232371872,0.0,0
noisy_reference,0.58,-4.276567912163471,-4.347194466026438,0.07062655386296726,0.0,0
noisy_reference,0.585,-3.9847360301042314,-3.814975119689662,-0.16976091041456912,0.0,0
noisy_reference,0.59,-3.535051744375899,-3.220297380128755,-0.3147543642471437,0.0,0
noisy_reference,0.595,-2.742064188494111,-2.5775713840384253,-0.16449280445568562,0.0,0
noisy_reference,0.6,-1.9033262641336721,-1.9021130325903104,-0.001213231543361637,0.0,0
noisy_reference,0.605,-0.901441708431189,-1.209771391207039,0.30832968277584993,0.0,0
noisy_reference,0.61,-0.2563310310372229,-0.5165453825879487,0.2602143515507258,0.0,0
noisy_reference,0.615,0.13777128899187296,0.16180085040905734,-0.024029561417184375,0.0,0
noisy_reference,0.62,0.3686813073032138,0.8101145236183103,-0.44143321631509647,0.0,0
noisy_reference,0.625,1.4342362855030493,1.4142135623730934,0.0200227231299559,0.0,0
noisy_reference,0.63,1.8255384546578548,1.9612199980024125,-0.13568154334455773,0.0,0
noisy_reference,0.635,2.3942819894293494,2.439859341049206,-0.045577351619856724,0.0,0
noisy_reference,0.64,2.6865709102707767,2.8407187169771837,-0.15414780670640715,0.0,0
noisy_reference,0.645,3.0966934948282328,3.15645758111099,-0.05976408628275714,0.0,0
noisy_reference,0.65,3.327018736500251,3.381966011250104,-0.05494727474985339,0.0,0
noisy_reference,0.655,3.2137683808809725,3.5144668795874683,-0.3006984987064959,0.0,0
noisy_reference,0.66,3.369370716911761,3.5535595980520074,-0.18418888114024645,0.0,0
noisy_reference,0.665,3.80147815010994,3.501204578597214,0.30027357151272566,0.0,0
noisy_reference,0.67,3.3329982319195546,3.3616490165584163,-0.028650784638861816,0.0,0
noisy_reference,0.675,3.476546154932474,3.1412960548266473,0.3352501001058265,0.0,0
noisy_reference,0.68,2.872232730717121,2.8485207834996045,0.02371194721751664,0.0,0
noisy_reference,0.685,2.3331346479433286,2.493437839448772,-0.1603031915054432,0.0,0
noisy_reference,0.69,1.8506739715881677,2.0876265606299427,-0.23695258904177496,0.0,0
noisy_reference,0.695,1.6079130669913873,1.64382069166167,-0.0359076246702827,0.0,0
noisy_reference,0.7,1.589080093509537,1.1755705045849487,0.4135095889245882,0.0,0
noisy_reference,0.705,0.39620378536238915,0.6968858704863926,-0.30068208512400346,0.0,0
noisy_reference,0.71,0.3860562346735278,0.2218692773430413,0.1641869573304865,0.0,0
noisy_reference,0.715,-0.23181209295340893,-0.2356519742068004,0.003839881253391475,0.0,0
noisy_reference,0.72,-0.8974341090868012,-0.6624851581658606,-0.23494895092094056,0.0,0
noisy_reference,0.725,-0.7321998064794216,-1.0464140763694558,0.3142142698900342,0.0,0
noisy_reference,0.73,-1.510053068252346,-1.376515005723281,-0.1335380625290652,0.0,0
noisy_reference,0.735,-1.80879601988394,-1.6434387253995824,-0.16535729448435765,0.0,0
noisy_reference,0.74,-1.7644845352394953,-1.8396515637232362,0.07516702848374096,0.0,0
noisy_reference,0.745,-1.9363374721118563,-1.959629433174391,0.02329196106253484,0.0,0
noisy_reference,0.75,-2.0331221111661573,-2.0,-0.033122111166157174,0.0,0
noisy_reference,0.755,-2.0665649482677613,-1.9596294331743918,-0.10693551509336939,0.0,0
noisy_reference,0.76,-1.6488645470784467,-1.8396515637232382,0.19078701664479158,0.0,0
noisy_reference,0.765,-1.87092865961572,-1.6434387253995852,-0.22748993421613478,0.0,0
noisy_reference,0.77,-1.3585516346657636,-1.376515005723284,0.017963371057520484,0.0,0
noisy_reference,0.775,-1.1091835799495795,-1.0464140763694598,-0.06276950358011978,0.0,0
noisy_reference,0.78,-0.2912627254232198,-0.6624851581658653,0.3712224327426455,0.0,0
noisy_reference,0.785,-0.09293816204028021,-0.23565197420680573,0.1427138121665255,0.0,0
noisy_reference,0.79,0.5016321459448092,0.22186927734303552,0.27976286860177363,0.0,0
noisy_reference,0.795,0.5763011219126493,0.6968858704863871,-0.12058474857373778,0.0,0
noisy_reference,0.8,1.1033778978656876,1.1755705045849432,-0.07219260671925554,0.0,0
noisy_reference,0.805,1.6422696767312936,1.6438206916616647,-0.0015510149303709754,0.0,0
noisy_reference,0.81,2.1253125593541724,2.087626560629938,0.037685998724234615,0.0,0
noisy_reference,0.815,2.548379704658011,2.493437839448767,0.05494186520924363,0.0,0
noisy_reference,0.82,3.160440404391615,2.848520783499601,0.3119196208920144,0.0,0
noisy_reference,0.825,3.2587270069987726,3.141296054826644,0.11743095217212823,0.0,0
noisy_reference,0.83,3.2154311970348317,3.361649016558414,-0.14621781952358257,0.0,0
noisy_reference,0.835,3.5308365511964364,3.5012045785972132,0.029631972599223212,0.0,0
noisy_reference,0.84,3.505650675010953,3.5535595980520074,-0.04790892304105441,0.0,0
noisy_reference,0.845,3.120136914567328,3.514466879587469,-0.39432996502014106,0.0,0
noisy_reference,0.85,3.5404141774077984,3.3819660112501095,0.15844816615768897,0.0,0
noisy_reference,0.855,3.1384139459265716,3.1564575811109927,-0.01804363518442127,0.0,0
noisy_reference,0.86,2.703933705719026,2.840718716977185,-0.1367850112581591,0.0,0
noisy_reference,0.865,2.394957542792331,2.439859341049214,-0.044901798256882945,0.0,0
noisy_reference,0.87,1.7627660493094286,1.9612199980024185,-0.1984539486929899,0.0,0
noisy_reference,0.875,1.1104723759573838,1.4142135623731003,-0.30374118641571646,0.0,0
noisy_reference,0.88,0.8896050642791195,0.8101145236183203,0.07949054066079918,0.0,0
noisy_reference,0.885,0.3400699803024048,0.1618008504090651,0.1782691298933397,0.0,0
noisy_reference,0.89,-0.29212212136261817,-0.5165453825879405,0.22442326122532227,0.0,0
noisy_reference,0.895,-0.9359734371762758,-1.2097713912070294,0.2737979540307535,0.0,0
noisy_reference,0.9,-2.2222210868240424,-1.9021130325903024,-0.3201080542337401,0.0,0
noisy_reference,0.905,-2.7010673393667575,-2.577571384038418,-0.12349595532833978,0.0,0
noisy_reference,0.91,-3.1362735700708413,-3.2202973801287476,0.0840238100579061,0.0,0
noisy_reference,0.915,-3.759465394975908,-3.814975119689656,0.05550972471374785,0.0,0
noisy_reference,0.92,-4.605951115301452,-4.347194466026432,-0.2587566492750208,0.0,0
noisy_reference,0.925,-4.979304605832545,-4.803803805936465,-0.17550079989607958,0.0,0
noisy_reference,0.93,-5.099241913326088,-5.173234299757054,0.0739923864309656,0.0,0
noisy_reference,0.935,-5.420833038261441,-5.445787634661924,0.024954596400483278,0.0,0
noisy_reference,0.94,-5.603746344541811,-5.613880170112653,0.010133825570841816,0.0,0
noisy_reference,0.945,-5.931303031089467,-5.672237416388436,-0.25906561470103123,0.0,0
noisy_reference,0.95,-5.475499794481952,-5.618033988749898,0.14253419426794486,0.0,0
noisy_reference,0.955,-5.628614293510317,-5.450975501641473,-0.1776387918688446,0.0,0
noisy_reference,0.96,-5.396216959095265,-5.173320277037993,-0.22289668205727278,0.0,0
noisy_reference,0.965,-4.924546509616996,-4.789840204059435,-0.13470630555756066,0.0,0
noisy_reference,0.97,-4.3226880560442895,-4.307721567457792,-0.014966488586498095,0.0,0
noisy_reference,0.975,-3.6687299655258294,-3.7364081242252896,0.06767815869946006,0.0,0
noisy_reference,0.98,-3.107132400749145,-3.0873901145392564,-0.019742286209888427,0.0,0
noisy_reference,0.985,-2.488425119604312,-2.3739442110366484,-0.1144809085676636,0.0,0
noisy_reference,0.99,-1.3358520958977467,-1.6108306066712497,0.27497851077350294,0.0,0
noisy_reference,0.995,-0.7429963474065912,-0.8139544867979643,0.07095813939137319,0.0,0
noisy_reference,1.0,-0.2218936225450413,-6.368163355566237e-15,-0.22189362254503495,0.0,0
noisy_reference,1.005,1.06621274065269,0.8139544867979306,0.2522582538547594,0.0,0
noisy_reference,1.01,1.9157081781313015,1.6108306066712375,0.30487757146006395,0.0,0
noisy_reference,1.015,2.330418896229767,2.3739442110366173,-0.043525314806850096,0.0,0
noisy_reference,1.02,3.2798064256860457,3.0873901145392573,0.1924163111467884,0.0,0
noisy_reference,1.025,3.4476881132851167,3.73640812422527,-0.28872001094015315,0.0,0
noisy_reference,1.03,4.230434783135475,4.307721567457776,-0.07728678432230077,0.0,0
noisy_reference,1.035,4.67074407524943,4.789840204059416,-0.11909612880998673,0.0,0
noisy_reference,1.04,4.88339443018704,5.173320277037988,-0.2899258468509482,0.0,0
noisy_reference,1.045,5.715684685556218,5.450975501641465,0.2647091839147523,0.0,0
noisy_reference,1.05,5.628143752158467,5.618033988749896,0.010109763408570772,0.0,0
noisy_reference,1.055,5.669128169103707,5.672237416388441,-0.003109247284733918,0.0,0
noisy_reference,1.06,5.380074070641525,5.61388017011265,-0.23380609947112527,0.0,0
noisy_reference,1.065,5.529942369302346,5.445787634661928,0.0841547346404184,0.0,0
noisy_reference,1.07,5.450309459185002,5.173234299757041,0.27707515942796024,0.0,0
noisy_reference,1.075,5.171585891085039,4.803803805936472,0.36778208514856703,0.0,0
noisy_reference,1.08,4.589086410304913,4.3471944660264406,0.24189194427847235,0.0,0
noisy_reference,1.085,3.545119524758981,3.814975119689652,-0.26985559493067107,0.0,0
noisy_reference,1.09,3.229863540189574,3.2202973801287436,0.009566160060830243,0.0,0
noisy_reference,1.095,2.6974193648133182,2.5775713840384142,0.11984798077490383,0.0,0
noisy_reference,1.1,2.307612741104377,1.9021130325902988,0.40549970851407835,0.0,0
noisy_reference,1.105,1.0641428569623017,1.2097713912070542,-0.14562853424475258,0.0,0
noisy_reference,1.11,0.7517669185414326,0.5165453825879207,0.23522153595351192,0.0,0
noisy_reference,1.115,0.012490102882127346,-0.1618008504090549,0.17429095329118224,0.0,0
noisy_reference,1.12,-0.5444687572982201,-0.8101145236183105,0.26564576632009035,0.0,0
noisy_reference,1.125,-1.1441434215945219,-1.414213562373091,0.270070140778569,0.0,0
noisy_reference,1.13,-1.9975819958182526,-1.961219998002388,-0.03636199781586456,0.0,0
noisy_reference,1.135,-2.494283288181971,-2.439859341049214,-0.054423947132757,0.0,0
noisy_reference,1.14,-2.8386592268827346,-2.8407187169771753,0.002059490094440797,0.0,0
noisy_reference,1.145,-3.3162213696731992,-3.1564575811109865,-0.15976378856221293,0.0,0
noisy_reference,1.15,-3.365954713497017,-3.3819660112501,0.016011297753083298,0.0,0
noisy_reference,1.155,-3.210575283178929,-3.5144668795874647,0.3038915964085357,0.0,0
noisy_reference,1.16,-3.965726511839873,-3.553559598052,-0.4121669137878732,0.0,0
noisy_reference,1.165,-3.133513417726574,-3.501204578597218,0.3676911608706439,0.0,0
noisy_reference,1.17,-3.2301729958545287,-3.36164901655843,0.1314760207039015,0.0,0
noisy_reference,1.175,-3.420755090148593,-3.1412960548266486,-0.27945903532194427,0.0,0
noisy_reference,1.18,-2.8610246188285857,-2.848520783499614,-0.012503835328971924,0.0,0
noisy_reference,1.185,-2.3910523835893085,-2.4934378394487573,0.10238545585944898,0.0,0
noisy_reference,1.19,-2.1060941462835823,-2.0876265606299413,-0.018467585653641018,0.0,0
noisy_reference,1.195,-1.6538453600334542,-1.643820691661678,-0.01002466837177618,0.0,0
noisy_reference,1.2,-1.277899424973156,-1.1755705045849507,-0.1023289203882051,0.0,0
noisy_reference,1.205,-1.035796593670365,-0.6968858704863832,-0.3389107231839818,0.0,0
noisy_reference,1.21,-0.01367491818202446,-0.22186927734302953,0.20819435916100507,0.0,0
noisy_reference,1.215,0.23496246059783782,0.2356519742068115,-0.0006895136089736909,0.0,0
noisy_reference,1.22,0.5181799465938018,0.6624851581658493,-0.14430521157204748,0.0,0
noisy_reference,1.225,1.0915570844258238,1.046414076369461,0.04514300805636289,0.0,0
noisy_reference,1.23,1.3485946442482102,1.3765150057232793,-0.0279203614750692,0.0,0
noisy_reference,1.235,1.5290081855973106,1.6434387253995935,-0.11443053980228282,0.0,0
noisy_reference,1.24,1.7657724677474886,1.8396515637232356,-0.07387909597574698,0.0,0
noisy_reference,1.245,2.115883844420146,1.9596294331743906,0.15625441124575534,0.0,0
noisy_reference,1.25,1.7089888951529257,2.0,-0.29101110484707426,0.0,0
noisy_reference,1.255,2.158722053412845,1.9596294331743944,0.19909262023845056,0.0,0
noisy_reference,1.26,1.317021915759873,1.8396515637232345,-0.5226296479633614,0.0,0
noisy_reference,1.265,1.6081560599002727,1.6434387253995917,-0.03528266549931907,0.0,0
noisy_reference,1.27,1.3674128301501496,1.3765150057232935,-0.009102175573143967,0.0,0
noisy_reference,1.275,1.035506738459217,1.046414076369458,-0.010907337910241212,0.0,0
noisy_reference,1.28,0.9089470883957707,0.6624851581658686,0.24646193022990204,0.0,0
noisy_reference,1.285,0.4496292708604715,0.2356519742068075,0.213977296653664,0.0,0
noisy_reference,1.29,0.13298406246569222,-0.22186927734303397,0.3548533398087262,0.0,0
noisy_reference,1.295,-0.8357206223351513,-0.6968858704863597,-0.13883475184879154,0.0,0
noisy_reference,1.3,-0.8981125132313799,-1.1755705045849556,0.2774579913535757,0.0,0
noisy_reference,1.305,-1.9928491759402527,-1.643820691661655,-0.3490284842785979,0.0,0
noisy_reference,1.31,-2.1418339892338665,-2.0876265606299196,-0.054207428603947075,0.0,0
noisy_reference,1.315,-2.3922378227906615,-2.4934378394487626,0.10120001665810126,0.0,0
noisy_reference,1.32,-3.0441201300133627,-2.848520783499596,-0.19559934651376648,0.0,0
noisy_reference,1.325,-2.86831817879838,-3.1412960548266535,0.2729778760282736,0.0,0
noisy_reference,1.33,-3.5288272612998597,-3.3616490165584176,-0.16717824474144224,0.0,0
noisy_reference,1.335,-3.649069895229382,-3.5012045785972097,-0.1478653166321724,0.0,0
noisy_reference,1.34,-3.9079512098745113,-3.5535595980520047,-0.35439161182250634,0.0,0
noisy_reference,1.345,-3.4266468880268537,-3.5144668795874643,0.0878199915606107,0.0,0
noisy_reference,1.35,-3.5644997335237676,-3.3819660112501038,-0.18253372227366393,0.0,0
noisy_reference,1.355,-3.225129863515417,-3.156457581110994,-0.0686722824044228,0.0,0
noisy_reference,1.36,-2.580501805406967,-2.8407187169771864,0.2602169115702195,0.0,0
noisy_reference,1.365,-2.522043551301741,-2.4398593410492158,-0.08218421025252542,0.0,0
noisy_reference,1.37,-1.9293124148737673,-1.9612199980024065,0.03190758312863924,0.0,0
noisy_reference,1.375,-1.1069135638523817,-1.4142135623730923,0.3072999985207105,0.0,0
noisy_reference,1.38,-0.2739955135665939,-0.810114523618334,0.5361190100517401,0.0,0
noisy_reference,1.385,-0.04418530800714464,-0.16180085040908043,0.1176155424019358,0.0,0
noisy_reference,1.39,0.11731461065721166,0.5165453825879209,-0.39923077193070927,0.0,0
noisy_reference,1.395,1.2266005072014943,1.2097713912070267,0.016829115994467615,0.0,0
noisy_reference,1.4,1.6687858343211452,1.9021130325902997,-0.2333271982691546,0.0,0
noisy_reference,1.405,2.5514133696268058,2.577571384038415,-0.026158014411609188,0.0,0
noisy_reference,1.41,3.2612463892643047,3.2202973801287182,0.0409490091355865,0.0,0
noisy_reference,1.415,3.724844024011543,3.8149751196896533,-0.09013109567811046,0.0,0
noisy_reference,1.42,4.339075300779085,4.347194466026419,-0.00811916524733416,0.0,0
noisy_reference,1.425,5.1397770947854635,4.803803805936473,0.3359732888489898,0.0,0
noisy_reference,1.43,5.330922583248386,5.173234299757044,0.15768828349134145,0.0,0
noisy_reference,1.435,5.643100382534657,5.445787634661917,0.19731274787274009,0.0,0
noisy_reference,1.44,5.664612761453608,5.613880170112653,0.05073259134095487,0.0,0
noisy_reference,1.445,5.918764158520475,5.6722374163884375,0.24652674213203768,0.0,0
noisy_reference,1.45,5.586463498851675,5.6180339887498985,-0.031570489898223995,0.0,0
noisy_reference,1.455,5.556481717329659,5.450975501641467,0.10550621568819203,0.0,0
noisy_reference,1.46,4.939814877179069,5.173320277037998,-0.2335053998589295,0.0,0
noisy_reference,1.465,4.844237229217674,4.789840204059418,0.054397025158255556,0.0,0
noisy_reference,1.47,4.448090659232217,4.3077215674577936,0.140369091774423,0.0,0
noisy_reference,1.475,3.865009022826526,3.7364081242252714,0.1286008986012547,0.0,0
noisy_reference,1.48,2.935996697048754,3.087390114539259,-0.15139341749050494,0.0,0
noisy_reference,1.485,2.443148620892343,2.373944211036645,0.06920440985569841,0.0,0
noisy_reference,1.49,1.9290714037062253,1.610830606671239,0.31824079703498626,0.0,0
noisy_reference,1.495,0.9862886912659689,0.8139544867979464,0.17233420446802247,0.0,0
noisy_reference,1.5,0.1766000592095549,2.3763099748551358e-14,0.17660005920953115,0.0,0
noisy_reference,1.505,-0.6173930769863076,-0.8139544867979276,0.19656140981162,0.0,0
noisy_reference,1.51,-1.6444184945622276,-1.6108306066712208,-0.03358788789100675,0.0,0
noisy_reference,1.515,-2.365102382777723,-2.373944211036627,0.008841828258904094,0.0,0
noisy_reference,1.52,-3.1868861215280457,-3.087390114539243,-0.09949600698880286,0.0,0
noisy_reference,1.525,-3.7331068548497006,-3.736408124225257,0.003301269375556615,0.0,0
noisy_reference,1.53,-3.7759588649899856,-4.307721567457781,0.5317627024677958,0.0,0
noisy_reference,1.535,-4.7260190483735185,-4.789840204059408,0.06382115568588986,0.0,0
noisy_reference,1.54,-5.277307624536524,-5.173320277037991,-0.10398734749853294,0.0,0
noisy_reference,1.545,-5.473549125080426,-5.450975501641461,-0.02257362343896485,0.0,0
noisy_reference,1.55,-5.4869533687285506,-5.618033988749896,0.13108062002134507,0.0,0
noisy_reference,1.555,-5.4832476543604605,-5.672237416388438,0.18898976202797826,0.0,0
noisy_reference,1.56,-5.569800619234492,-5.6138801701126555,0.044079550878163336,0.0,0
noisy_reference,1.565,-5.463276907999917,-5.445787634661922,-0.017489273337994327,0.0,0
noisy_reference,1.57,-5.100827887824175,-5.173234299757051,0.07240641193287588,0.0,0
noisy_reference,1.575,-5.242274537993595,-4.803803805936483,-0.43847073205711107,0.0,0
noisy_reference,1.58,-4.140925709653979,-4.347194466026431,0.20626875637245112,0.0,0
noisy_reference,1.585,-4.128393609876331,-3.8149751196896666,-0.31341849018666396,0.0,0
noisy_reference,1.59,-2.789900906527645,-3.2202973801287325,0.43039647360108724,0.0,0
noisy_reference,1.595,-2.6265059852971344,-2.5775713840384302,-0.04893460125870437,0.0,0
noisy_reference,1.6,-1.7567332552572266,-1.9021130325903157,0.14537977733308924,0.0,0
noisy_reference,1.605,-1.2686392882209132,-1.2097713912070431,-0.058867897013870164,0.0,0
noisy_reference,1.61,-0.5168544247083611,-0.5165453825879369,-0.00030904212042415224,0.0,0
noisy_reference,1.615,0.039407918567193875,0.1618008504090649,-0.12239293184187101,0.0,0
noisy_reference,1.62,0.660902482598575,0.8101145236183191,-0.14921204101974422,0.0,0
noisy_reference,1.625,0.8247746398585362,1.414213562373079,-0.5894389225145428,0.0,0
noisy_reference,1.63,1.7024581406784032,1.9612199980023948,-0.25876185732399154,0.0,0
noisy_reference,1.635,2.731723761125075,2.439859341049206,0.29186442007586905,0.0,0
noisy_reference,1.64,3.1678295086787944,2.840718716977178,0.32711079170161633,0.0,0
noisy_reference,1.645,2.8295058330884224,3.156457581110988,-0.32695174802256555,0.0,0
noisy_reference,1.65,3.1689555507827865,3.3819660112500993,-0.21301046046731306,0.0,0
noisy_reference,1.655,3.582128904287466,3.514466879587462,0.06766202470000415,0.0,0
noisy_reference,1.66,3.7522568711589472,3.5535595980520047,0.19869727310694235,0.0,0
noisy_reference,1.665,3.2956810692965433,3.501204578597212,-0.20552350930066865,0.0,0
noisy_reference,1.67,3.4073303736268232,3.361649016558422,0.04568135706840124,0.0,0
noisy_reference,1.675,3.3758193625996,3.1412960548266593,0.23452330777294073,0.0,0
noisy_reference,1.68,2.6405182838670656,2.8485207834996036,-0.20800249963253814,0.0,0
noisy_reference,1.685,2.504445104592568,2.4934378394487715,0.011007265143796553,0.0,0
noisy_reference,1.69,1.7149644582518015,2.0876265606299294,-0.37266210237812775,0.0,0
noisy_reference,1.695,1.4144520301245118,1.6438206916616656,-0.2293686615371538,0.0,0
noisy_reference,1.7,1.3221334985180733,1.1755705045849612,0.14656299393311212,0.0,0
noisy_reference,1.705,0.378690643111537,0.6968858704863709,-0.31819522737483386,0.0,0
noisy_reference,1.71,0.2078091888598798,0.22186927734304507,-0.014060088483165246,0.0,0
noisy_reference,1.715,-0.39956921656148703,-0.23565197420679285,-0.16391724235469418,0.0,0
noisy_reference,1.72,-0.711979990512419,-0.6624851581658551,-0.04949483234656391,0.0,0
noisy_reference,1.725,-1.2045624448542938,-1.046414076369453,-0.1581483684848408,0.0,0
noisy_reference,1.73,-1.569522593409705,-1.3765150057232893,-0.19300758768641568,0.0,0
noisy_reference,1.735,-2.043959873861556,-1.6434387253995861,-0.40052114846197,0.0,0
noisy_reference,1.74,-2.020314902860485,-1.839651563723231,-0.18066333913725413,0.0,0
noisy_reference,1.745,-2.0159778296061273,-1.9596294331743918,-0.05634839643173564,0.0,0
noisy_reference,1.75,-1.676220018946617,-2.0,0.3237799810533831,0.0,0
noisy_reference,1.755,-1.8184400809048313,-1.9596294331743924,0.14118935226956106,0.0,0
noisy_reference,1.76,-1.7361454844761313,-1.8396515637232378,0.10350607924710645,0.0,0
noisy_reference,1.765,-1.7251706954215016,-1.643438725399597,-0.0817319700219045,0.0,0
noisy_reference,1.77,-1.6307146197857727,-1.3765150057232867,-0.25419961406248603,0.0,0
noisy_reference,1.775,-1.173678398413626,-1.0464140763694696,-0.1272643220441564,0.0,0
noisy_reference,1.78,-0.3994673487135986,-0.6624851581658588,0.2630178094522602,0.0,0
noisy_reference,1.785,-0.5288758935754558,-0.23565197420682193,-0.2932239193686339,0.0,0
noisy_reference,1.79,0.06909615281565709,0.2218692773430233,-0.15277312452736622,0.0,0
noisy_reference,1.795,0.47027595847772236,0.6968858704863773,-0.22660991200865493,0.0,0
noisy_reference,1.8,1.2531140861595227,1.1755705045849396,0.07754358157458317,0.0,0
noisy_reference,1.805,1.8227103669088915,1.643820691661667,0.1788896752472244,0.0,0
noisy_reference,1.81,1.9621245964991425,2.087626560629931,-0.1255019641307886,0.0,0
noisy_reference,1.815,2.3335243554043954,2.4934378394487484,-0.15991348404435293,0.0,0
noisy_reference,1.82,2.8581028169758427,2.8485207834996134,0.009582033476229414,0.0,0
noisy_reference,1.825,3.3917298423556272,3.1412960548266353,0.25043378752899204,0.0,0
noisy_reference,1.83,3.307571380467835,3.3616490165584256,-0.05407763609059089,0.0,0
noisy_reference,1.835,3.5179810687660424,3.501204578597216,0.01677649016882654,0.0,0
noisy_reference,1.84,3.2822326344784623,3.553559598052,-0.2713269635735376,0.0,0
noisy_reference,1.845,3.5558347971515514,3.5144668795874665,0.04136791756408478,0.0,0
noisy_reference,1.85,3.5993855703436344,3.3819660112501113,0.21741955909352306,0.0,0
noisy_reference,1.855,2.898154653335142,3.1564575811109865,-0.25830292777584474,0.0,0
noisy_reference,1.86,2.8514356546483,2.8407187169771833,0.01071693767111679,0.0,0
noisy_reference,1.865,2.4478832298551105,2.439859341049224,0.008023888805886515,0.0,0
noisy_reference,1.87,2.215554297048559,1.9612199980024005,0.2543342990461584,0.0,0
noisy_reference,1.875,1.3689762236333693,1.414213562373105,-0.04523733873973548,0.0,0
noisy_reference,1.88,0.6649070222885625,0.8101145236183251,-0.14520750132976268,0.0,0
noisy_reference,1.885,0.1086747553941802,0.16180085040906644,-0.053126095014886236,0.0,0
noisy_reference,1.89,-0.5484152271288315,-0.5165453825879083,-0.03186984454092325,0.0,0
noisy_reference,1.895,-1.4818209782109366,-1.2097713912070382,-0.2720495870038985,0.0,0
noisy_reference,1.9,-2.1745965378692187,-1.9021130325902806,-0.2724835052789382,0.0,0
noisy_reference,1.905,-2.37360265621599,-2.5775713840383983,0.2039687278224081,0.0,0
noisy_reference,1.91,-3.089263389845457,-3.220297380128729,0.13103399028327198,0.0,0
noisy_reference,1.915,-3.639063103437604,-3.814975119689639,0.17591201625203523,0.0,0
noisy_reference,1.92,-4.283902912603785,-4.347194466026428,0.06329155342264361,0.0,0
noisy_reference,1.925,-4.64248339476439,-4.803803805936462,0.1613204111720714,0.0,0
noisy_reference,1.93,-5.4022196688761275,-5.173234299757036,-0.22898536911909134,0.0,0
noisy_reference,1.935,-5.437372048251736,-5.445787634661923,0.008415586410187359,0.0,0
noisy_reference,1.94,-5.537945517529921,-5.6138801701126475,0.07593465258272705,0.0,0
noisy_reference,1.945,-5.486086204589745,-5.6722374163884375,0.18615121179869193,0.0,0
noisy_reference,1.95,-5.7014725073195685,-5.618033988749895,-0.08343851856967391,0.0,0
noisy_reference,1.955,-5.6716530030751615,-5.450975501641475,-0.22067750143368664,0.0,0
noisy_reference,1.96,-5.855738519433488,-5.173320277038001,-0.6824182423954873,0.0,0
noisy_reference,1.965,-4.9748900009520005,-4.789840204059426,-0.1850497968925746,0.0,0
noisy_reference,1.97,-4.296431468402447,-4.307721567457787,0.011290099055340974,0.0,0
noisy_reference,1.975,-4.003283348149422,-3.7364081242252776,-0.26687522392414387,0.0,0
noisy_reference,1.98,-2.955518093613901,-3.0873901145392666,0.1318720209253655,0.0,0
noisy_reference,1.985,-2.6818510039799857,-2.3739442110366413,-0.3079067929433443,0.0,0
noisy_reference,1.99,-1.6417713576648045,-1.6108306066712628,-0.03094075099354168,0.0,0
noisy_reference,1.995,-0.9117954200896057,-0.8139544867979356,-0.09784093329167015,0.0,0
noisy_reference,2.0,-0.11101492254786893,-1.2736326711132474e-14,-0.11101492254785619,0.0,0
anomaly_stress,0.0,-0.026665065676594324,0.0,-0.026665065676594324,0.0,0
anomaly_stress,0.005,0.9054037450629093,0.8139544867979521,0.09144925826495723,0.0,0
anomaly_stress,0.01,1.4287010188369733,1.6108306066712388,-0.18212958783426547,0.0,0
anomaly_stress,0.015,2.647992416239568,2.3739442110366458,0.2740482052029222,0.0,0
anomaly_stress,0.02,2.7173032794542795,3.0873901145392484,-0.37008683508496887,0.0,0
anomaly_stress,0.025,3.7728416739247583,3.736408124225284,0.03643354969947445,0.0,0
anomaly_stress,0.03,4.417056181843944,4.307721567457783,0.10933461438616146,0.0,0
anomaly_stress,0.035,4.862470016063615,4.789840204059424,0.07262981200419123,0.0,0
anomaly_stress,0.04,5.386150746379202,5.173320277037991,0.21283046934121083,0.0,0
anomaly_stress,0.045,5.261303091435143,5.45097550164147,-0.18967241020632708,0.0,0
anomaly_stress,0.05,5.35819225791781,5.618033988749895,-0.2598417308320853,0.0,0
anomaly_stress,0.055,5.7411483959771665,5.672237416388438,0.06891097958872798,0.0,0
anomaly_stress,0.06,5.775024085691643,5.613880170112654,0.16114391557898938,0.0,0
anomaly_stress,0.065,5.4515496845450055,5.445787634661922,0.00576204988308291,0.0,0
anomaly_stress,0.07,4.969116032449035,5.173234299757052,-0.20411826730801705,0.0,0
anomaly_stress,0.075,4.685784325557629,4.803803805936466,-0.1180194803788373,0.0,0
anomaly_stress,0.08,4.492184509914535,4.347194466026436,0.14499004388809897,0.0,0
anomaly_stress,0.085,3.811908814338424,3.8149751196896506,-0.003066305351226362,0.0,0
anomaly_stress,0.09,3.324235338659813,3.220297380128746,0.10393795853106731,0.0,0
anomaly_stress,0.095,2.4878175279732586,2.5775713840384187,-0.0897538560651599,0.0,0
anomaly_stress,0.1,1.529319181548888,1.9021130325903077,-0.3727938510414198,0.0,0
anomaly_stress,0.105,0.9436907635546701,1.2097713912070396,-0.26608062765236956,0.0,0
anomaly_stress,0.11,0.6555130262519164,0.5165453825879383,0.13896764366397818,0.0,0
anomaly_stress,0.115,0.001941095663194503,-0.1618008504090631,0.16374194607225762,0.0,0
anomaly_stress,0.12,-0.8810941796810965,-0.8101145236183136,-0.07097965606278293,0.0,0
anomaly_stress,0.125,-1.0067445183975223,-1.4142135623730947,0.4074690439755724,0.0,0
anomaly_stress,0.13,-1.8161925793477587,-1.9612199980024096,0.14502741865465102,0.0,0
anomaly_stress,0.135,-2.8381720852676735,-2.4398593410492104,-0.3983127442184632,0.0,0
anomaly_stress,0.14,-2.885175359062045,-2.8407187169771837,-0.04445664208486129,0.0,0
anomaly_stress,0.145,-3.66904227821984,-3.1564575811109883,-0.5125846971088521,0.0,0
anomaly_stress,0.15,-3.5908553228973545,-3.381966011250105,-0.20888931164724964,0.0,0
anomaly_stress,0.155,-3.6331431048042164,-3.5144668795874656,-0.11867622521675099,0.0,0
anomaly_stress,0.16,-3.731310238688724,-3.5535595980520065,-0.17775064063671772,0.0,0
anomaly_stress,0.165,-3.344086351274369,-3.5012045785972155,0.15711822732284625,0.0,0
anomaly_stress,0.17,-3.5083529910295423,-3.3616490165584167,-0.1467039744711258,0.0,0
anomaly_stress,0.175,-2.9911802024078042,-3.141296054826652,0.15011585241884795,0.0,0
anomaly_stress,0.18,-2.904946533814891,-2.8485207834996027,-0.05642575031528843,0.0,0
anomaly_stress,0.185,12.574598428380366,-2.49343783944877,0.19184488695856317,14.876191380870573,1
anomaly_stress,0.19,-2.025855218270972,-2.087626560629936,0.06177134235896418,0.0,0
anomaly_stress,0.195,-1.38256778784881,-1.6438206916616669,0.26125290381285676,0.0,0
anomaly_stress,0.2,-1.4210198272904417,-1.175570504584947,-0.2454493227054947,0.0,0
anomaly_stress,0.205,-0.8884742948634283,-0.696885870486381,-0.19158842437704743,0.0,0
anomaly_stress,0.21,-0.12039888083795422,-0.22186927734303397,0.10147039650507975,0.0,0
anomaly_stress,0.215,0.1936025947830676,0.23565197420680528,-0.04204937942373768,0.0,0
anomaly_stress,0.22,1.0437388151392852,0.6624851581658622,0.38125365697342295,0.0,0
anomaly_stress,0.225,0.9437491189171994,1.0464140763694538,-0.10266495745225442,0.0,0
anomaly_stress,0.23,1.2327100367031436,1.376515005723286,-0.14380496902014245,0.0,0
anomaly_stress,0.235,1.5957150095429784,1.6434387253995852,-0.04772371585660693,0.0,0
anomaly_stress,0.24,2.2406949500151923,1.8396515637232367,0.4010433862919556,0.0,0
anomaly_stress,0.245,2.0262114402441327,1.9596294331743906,0.06658200706974196,0.0,0
anomaly_stress,0.25,2.1140345911295233,2.0,0.1140345911295233,0.0,0
anomaly_stress,0.255,2.3618251876824585,1.9596294331743906,0.4021957545080678,0.0,0
anomaly_stress,0.26,2.1491056490074882,1.8396515637232371,0.30945408528425117,0.0,0
anomaly_stress,0.265,1.5458853035870905,1.6434387253995841,-0.09755342181249366,0.0,0
anomaly_stress,0.27,1.4299649388734772,1.3765150057232878,0.05344993315018947,0.0,0
anomaly_stress,0.275,1.2002755021291565,1.0464140763694525,0.15386142575970396,0.0,0
anomaly_stress,0.28,0.5360562686532138,0.6624851581658635,-0.1264288895126498,0.0,0
anomaly_stress,0.285,0.1077308909334628,0.2356519742068104,-0.12792108327334759,0.0,0
anomaly_stress,0.29,-0.2686470104898929,-0.22186927734303308,-0.046777733146859825,0.0,0
anomaly_stress,0.295,-0.5239342721203635,-0.6968858704863762,0.1729515983660127,0.0,0
anomaly_stress,0.3,-1.4324640930610362,-1.1755705045849452,-0.25689358847609095,0.0,0
anomaly_stress,0.305,-1.7611614219593539,-1.6438206916616624,-0.11734073029769139,0.0,0
anomaly_stress,0.31,-2.0085215071419773,-2.0876265606299342,0.07910505348795685,0.0,0
anomaly_stress,0.315,-2.238737349628162,-2.493437839448772,0.2547004898206101,0.0,0
anomaly_stress,0.32,-2.844241551147494,-2.8485207834996,0.004279232352105744,0.0,0
anomaly_stress,0.325,-3.4194295898108824,-3.141296054826654,-0.27813353498422855,0.0,0
anomaly_stress,0.33,-3.387885704258269,-3.3616490165584154,-0.026236687699853614,0.0,0
anomaly_stress,0.335,-13.502480735416007,-3.501204578597215,0.12570345618894888,-10.126979613007741,1
anomaly_stress,0.34,-3.264081705205792,-3.553559598052005,0.2894778928462131,0.0,0
anomaly_stress,0.345,-3.8174674328897007,-3.5144668795874665,-0.3030005533022342,0.0,0
anomaly_stress,0.35,-3.3694955365011237,-3.3819660112501055,0.012470474748981886,0.0,0
anomaly_stress,0.355,-3.150353253185021,-3.156457581110992,0.006104327925970843,0.0,0
anomaly_stress,0.36,-3.1660231388819855,-2.840718716977185,-0.3253044219048006,0.0,0
anomaly_stress,0.365,-2.4393202323573506,-2.439859341049213,0.0005391086918626443,0.0,0
anomaly_stress,0.37,-1.9455070873875715,-1.9612199980024123,0.01571291061484086,0.0,0
anomaly_stress,0.375,7.837634508148705,-1.4142135623730991,0.015359869276955608,9.236488201244848,1
anomaly_stress,0.38,-0.5981463895978676,-0.8101145236183154,0.21196813402044778,0.0,0
anomaly_stress,0.385,0.08551536404420745,-0.16180085040906245,0.2473162144532699,0.0,0
anomaly_stress,0.39,0.6474063623803323,0.5165453825879356,0.13086097979239675,0.0,0
anomaly_stress,0.395,1.0741086058632932,1.2097713912070405,-0.13566278534374732,0.0,0
anomaly_stress,0.4,1.7133325793505558,1.902113032590305,-0.18878045323974924,0.0,0
anomaly_stress,0.405,2.426134299719481,2.57757138403842,-0.15143708431893899,0.0,0
anomaly_stress,0.41,3.056420523506486,3.220297380128743,-0.16387685662225737,0.0,0
anomaly_stress,0.415,4.016802175418134,3.8149751196896453,0.20182705572848844,0.0,0
anomaly_stress,0.42,4.262671841599791,4.3471944660264334,-0.08452262442664296,0.0,0
anomaly_stress,0.425,4.7712008037755345,4.803803805936462,-0.03260300216092773,0.0,0
anomaly_stress,0.43,5.34432661844722,5.17323429975705,0.17109231869017025,0.0,0
anomaly_stress,0.435,5.487567704328319,5.4457876346619205,0.04178006966639778,0.0,0
anomaly_stress,0.44,5.420395749784839,5.613880170112654,-0.19348442032781535,0.0,0
anomaly_stress,0.445,5.67550256153083,5.672237416388438,0.003265145142391468,0.0,0
anomaly_stress,0.45,5.765986601273805,5.618033988749895,0.1479526125239099,0.0,0
anomaly_stress,0.455,5.551850631588183,5.450975501641471,0.10087512994671127,0.0,0
anomaly_stress,0.46,5.525642181505486,5.173320277037992,0.3523219044674939,0.0,0
anomaly_stress,0.465,4.434152712939657,4.7898402040594235,-0.35568749111976655,0.0,0
anomaly_stress,0.47,4.338633938351637,4.307721567457786,0.030912370893851283,0.0,0
anomaly_stress,0.475,3.8352223462320723,3.73640812422529,0.09881422200678235,0.0,0
anomaly_stress,0.48,2.7562252448426117,3.08739011453925,-0.3311648696966387,0.0,0
anomaly_stress,0.485,2.493831775116462,2.373944211036652,0.11988756407981001,0.0,0
anomaly_stress,0.49,1.8644078228861112,1.6108306066712434,0.2535772162148677,0.0,0
anomaly_stress,0.495,0.662196143688153,0.8139544867979577,-0.15175834310980463,0.0,0
anomaly_stress,0.5,-0.04008676094004714,3.1840816777831186e-15,-0.04008676094005033,0.0,0
anomaly_stress,0.505,-0.5269527148787545,-0.8139544867979515,0.2870017719191969,0.0,0
anomaly_stress,0.51,-1.7641136880968964,-1.610830606671244,-0.15328308142565242,0.0,0
anomaly_stress,0.515,-2.3276948346953468,-2.3739442110366396,0.04624937634129296,0.0,0
anomaly_stress,0.52,-2.872651331668024,-3.087390114539245,0.21473878287122083,0.0,0
anomaly_stress,0.525,-3.568055268118147,-3.736408124225285,0.16835285610713824,0.0,0
anomaly_stress,0.53,-4.240718041695199,-4.307721567457786,0.06700352576258695,0.0,0
anomaly_stress,0.535,-4.662343709909755,-4.789840204059427,0.12749649414967196,0.0,0
anomaly_stress,0.54,-5.533606438146001,-5.173320277037992,-0.36028616110800926,0.0,0
anomaly_stress,0.545,-5.681458206073798,-5.45097550164147,-0.23048270443232788,0.0,0
anomaly_stress,0.55,-5.818549684644152,-5.618033988749895,-0.2005156958942573,0.0,0
anomaly_stress,0.555,-5.240045163012967,-5.6722374163884375,0.4321922533754705,0.0,0
anomaly_stress,0.56,-5.375786813129363,-5.613880170112655,0.23809335698329212,0.0,0
anomaly_stress,0.565,-5.529874401473966,-5.445787634661927,-0.08408676681203922,0.0,0
anomaly_stress,0.57,-5.614667516072154,-5.173234299757057,-0.44143321631509647,0.0,0
anomaly_stress,0.575,-4.834712509188889,-4.80380380593647,-0.030908703252418946,0.0,0
anomaly_stress,0.58,-4.481297372530642,-4.347194466026438,-0.13410290650420417,0.0,0
anomaly_stress,0.585,-4.0380920276380845,-3.814975119689662,-0.2231169079484225,0.0,0
anomaly_stress,0.59,-3.2701693888514662,-3.220297380128755,-0.049872008722711136,0.0,0
anomaly_stress,0.595,-2.743168421675472,-2.5775713840384253,-0.16559703763704692,0.0,0
anomaly_stress,0.6,-2.18800493463796,-1.9021130325903104,-0.2858919020476499,0.0,0
anomaly_stress,0.605,-1.422056220211773,-1.209771391207039,-0.21228482900473403,0.0,0
anomaly_stress,0.61,-0.4831712823551319,-0.5165453825879487,0.03337410023281678,0.0,0
anomaly_stress,0.615,0.2590158797495775,0.16180085040905734,0.09721502934052016,0.0,0
anomaly_stress,0.62,1.0551099665463572,0.8101145236183103,0.2449954429280469,0.0,0
anomaly_stress,0.625,1.575565841680729,1.4142135623730934,0.16135227930763563,0.0,0
anomaly_stress,0.63,1.8009168064969694,1.9612199980024125,-0.1603031915054432,0.0,0
anomaly_stress,0.635,2.0347007407902953,2.439859341049206,-0.40515860025891065,0.0,0
anomaly_stress,0.64,2.8460110856586547,2.8407187169771837,0.0052923686814709825,0.0,0
anomaly_stress,0.645,3.4932446914305344,3.15645758111099,0.3367871103195443,0.0,0
anomaly_stress,0.65,3.1171726566827793,3.381966011250104,-0.2647933545673249,0.0,0
anomaly_stress,0.655,3.8187905736285424,3.5144668795874683,0.304323694041074,0.0,0
anomaly_stress,0.66,3.241165472359369,3.5535595980520074,-0.3123941256926383,0.0,0
anomaly_stress,0.665,3.6223875167783532,3.501204578597214,0.12118293818113912,0.0,0
anomaly_stress,0.67,3.334909213409345,3.3616490165584163,-0.02673980314907123,0.0,0
anomaly_stress,0.675,2.9649393160263813,3.1412960548266473,-0.17635673880026595,0.0,0
anomaly_stress,0.68,2.907088209261574,2.8485207834996045,0.058567425761969716,0.0,0
anomaly_stress,0.685,2.514656252940789,2.493437839448772,0.021218413492017165,0.0,0
anomaly_stress,0.69,2.0545044494637854,2.0876265606299427,-0.033122111166157174,0.0,0
anomaly_stress,0.695,1.5152593734316553,1.64382069166167,-0.1285613182300148,0.0,0
anomaly_stress,0.7,1.2365087060247342,1.1755705045849487,0.060938201439785546,0.0,0
anomaly_stress,0.705,0.4366622866418501,0.6968858704863926,-0.2602235838445425,0.0,0
anomaly_stress,0.71,0.21693418635301792,0.2218692773430413,-0.004935090990023383,0.0,0
anomaly_stress,0.715,0.0918428200463417,-0.2356519742068004,0.3274947942531421,0.0,0
anomaly_stress,0.72,-0.4602247016982871,-0.6624851581658606,0.2022604564675735,0.0,0
anomaly_stress,0.725,-0.8050894626973975,-1.0464140763694558,0.24132461367205843,0.0,0
anomaly_stress,0.73,-1.2673457089172617,-1.376515005723281,0.10916929680601922,0.0,0
anomaly_stress,0.735,-1.8848159498564219,-1.6434387253995824,-0.24137722445683957,0.0,0
anomaly_stress,0.74,-1.814293461758923,-1.8396515637232362,0.025358101964313207,0.0,0
anomaly_stress,0.745,-2.0169143592986076,-1.959629433174391,-0.05728492612421654,0.0,0
anomaly_stress,0.75,-1.9450581347907563,-2.0,0.05494186520924363,0.0,0
anomaly_stress,0.755,-1.7277455310642593,-1.9596294331743918,0.2318839021101324,0.0,0
anomaly_stress,0.76,-1.5680750492855422,-1.8396515637232382,0.27157651443769615,0.0,0
anomaly_stress,0.765,-1.6144162928085124,-1.6434387253995852,0.029022432591072803,0.0,0
anomaly_stress,0.77,-1.6415633145486483,-1.376515005723284,-0.2650483088253644,0.0,0
anomaly_stress,0.775,-6.854787318382703,-1.0464140763694598,0.18898101141419732,-5.99735425342744,1
anomaly_stress,0.78,-0.6611559558209149,-0.6624851581658653,0.0013292023449503533,0.0,0
anomaly_stress,0.785,-0.26222385863834957,-0.23565197420680573,-0.02657188443154386,0.0,0
anomaly_stress,0.79,0.0492280570331145,0.22186927734303552,-0.17264122030992102,0.0,0
anomaly_stress,0.795,7.159038382406737,0.6968858704863871,-0.03692656081098296,6.499079072731333,1
anomaly_stress,0.8,0.9252792531820615,1.1755705045849432,-0.2502912514028816,0.0,0
anomaly_stress,0.805,1.5028712069229224,1.6438206916616647,-0.1409494847387423,0.0,0
anomaly_stress,0.81,2.0399844187588667,2.087626560629938,-0.0476421418710709,0.0,0
anomaly_stress,0.815,2.8077849673004125,2.493437839448767,0.31434712785164526,0.0,0
anomaly_stress,0.82,2.918612007279222,2.848520783499601,0.07009122377962136,0.0,0
anomaly_stress,0.825,3.1426133897936848,3.141296054826644,0.001317334967040651,0.0,0
anomaly_stress,0.83,3.246384541698193,3.361649016558414,-0.11526447486022101,0.0,0
anomaly_stress,0.835,3.608066992086208,3.5012045785972132,0.10686241348899479,0.0,0
anomaly_stress,0.84,3.5181096155626763,3.5535595980520074,-0.03544998248933116,0.0,0
anomaly_stress,0.845,11.8636407951481,3.514466879587469,-0.16578488228045973,8.514958797841091,1
anomaly_stress,0.85,3.173221289062417,3.3819660112501095,-0.2087447221876925,0.0,0
anomaly_stress,0.855,3.057140386519875,3.1564575811109927,-0.09931719459111737,0.0,0
anomaly_stress,0.86,2.9864019578550414,2.840718716977185,0.14568324087785633,0.0,0
anomaly_stress,0.865,2.2882261867390135,2.439859341049214,-0.15163315431020052,0.0,0
anomaly_stress,0.87,1.8515952074834956,1.9612199980024185,-0.10962479051892303,0.0,0
anomaly_stress,0.875,1.3457749182087564,1.4142135623731003,-0.06843864416434382,0.0,0
anomaly_stress,0.88,0.6064423367734142,0.8101145236183203,-0.20367218684490604,0.0,0
anomaly_stress,0.885,0.015314587071872526,0.1618008504090651,-0.14648626333719258,0.0,0
anomaly_stress,0.89,-0.7707613492778569,-0.5165453825879405,-0.25421596668991636,0.0,0
anomaly_stress,0.895,-1.0519047741575043,-1.2097713912070294,0.1578666170495252,0.0,0
anomaly_stress,0.9,-1.9218553188001908,-1.9021130325903024,-0.019742286209888427,0.0,0
anomaly_stress,0.905,-2.5365653127686714,-2.577571384038418,0.04100607126974634,0.0,0
anomaly_stress,0.91,9.894595416138749,-3.2202973801287476,0.16236790515537544,12.952524891112121,1
anomaly_stress,0.915,-3.6991021512087636,-3.814975119689656,0.11587296848089253,0.0,0
anomaly_stress,0.92,-4.546858091171685,-4.347194466026432,-0.1996636251452527,0.0,0
anomaly_stress,0.925,-4.547590455375899,-4.803803805936465,0.2562133505605658,0.0,0
anomaly_stress,0.93,-4.913524132906994,-5.173234299757054,0.25971016685005976,0.0,0
anomaly_stress,0.935,-5.428271461654604,-5.445787634661924,0.017516173007319936,0.0,0
anomaly_stress,0.94,-5.833922150758282,-5.613880170112653,-0.22004198064562885,0.0,0
anomaly_stress,0.945,-5.665679820377684,-5.672237416388436,0.0065575960107514325,0.0,0
anomaly_stress,0.95,-5.737130117559884,-5.618033988749898,-0.11909612880998673,0.0,0
anomaly_stress,0.955,-5.702845013350991,-5.450975501641473,-0.2518695117095181,0.0,0
anomaly_stress,0.96,-18.923786777481972,-5.173320277037993,0.12760753620593057,-13.878074036649911,1
anomaly_stress,0.965,-4.542826660781685,-4.789840204059435,0.2470135432777495,0.0,0
anomaly_stress,0.97,-4.621979145197973,-4.307721567457792,-0.3142575777401817,0.0,0
anomaly_stress,0.975,-3.7132883459406916,-3.7364081242252896,0.02311977828459799,0.0,0
anomaly_stress,0.98,-2.8932570964437136,-3.0873901145392564,0.19413301809554273,0.0,0
anomaly_stress,0.985,-1.9171007316732043,-2.3739442110366484,0.45684347936344416,0.0,0
anomaly_stress,0.99,-1.4890129972079393,-1.6108306066712497,0.12181760946331029,0.0,0
anomaly_stress,0.995,-0.9239348928303692,-0.8139544867979643,-0.10998040603240487,0.0,0
anomaly_stress,1.0,0.009566160060823874,-6.368163355566237e-15,0.009566160060830243,0.0,0
anomaly_stress,1.005,1.071650576658377,0.8139544867979306,0.2576960898604465,0.0,0
anomaly_stress,1.01,1.9292004976810826,1.6108306066712375,0.31836989100984514,0.0,0
anomaly_stress,1.015,2.3803789414319274,2.3739442110366173,0.00643473039531024,0.0,0
anomaly_stress,1.02,3.144430193490545,3.0873901145392573,0.05704007895128811,0.0,0
anomaly_stress,1.025,4.128718750981743,3.73640812422527,0.3923106267564723,0.0,0
anomaly_stress,1.03,4.550958465539907,4.307721567457776,0.24323689808213073,0.0,0
anomaly_stress,1.035,4.740436148469279,4.789840204059416,-0.04940405559013694,0.0,0
anomaly_stress,1.04,5.020624701785651,5.173320277037988,-0.1526955752523371,0.0,0
anomaly_stress,1.045,5.355725139740863,5.450975501641465,-0.09525036190060217,0.0,0
anomaly_stress,1.05,5.6267214922481035,5.618033988749896,0.008687503498207683,0.0,0
anomaly_stress,1.055,5.685044152277683,5.672237416388441,0.012806735889242483,0.0,0
anomaly_stress,1.06,5.917771766521186,5.61388017011265,0.3038915964085357,0.0,0
anomaly_stress,1.065,5.2053859208696,5.445787634661928,-0.24040171379232814,0.0,0
anomaly_stress,1.07,5.417431498096825,5.173234299757041,0.24419719833978384,0.0,0
anomaly_stress,1.075,4.790534143961083,4.803803805936472,-0.013269661975388836,0.0,0
anomaly_stress,1.08,4.1887966396700005,4.3471944660264406,-0.15839782635644026,0.0,0
anomaly_stress,1.085,3.919349310459829,3.814975119689652,0.10437419077017687,0.0,0
anomaly_stress,1.09,3.162941113903671,3.2202973801287436,-0.05735626622507244,0.0,0
anomaly_stress,1.095,2.6404746882648555,2.5775713840384142,0.06290330422644122,0.0,0
anomaly_stress,1.1,1.8675357845230351,1.9021130325902988,-0.03457724806726379,0.0,0
anomaly_stress,1.105,0.8502355287576057,1.2097713912070542,-0.3595358624494486,0.0,0
anomaly_stress,1.11,0.7009560864184373,0.5165453825879207,0.18441070383051664,0.0,0
anomaly_stress,1.115,-0.12254073501858369,-0.1618008504090549,0.03926011539047121,0.0,0
anomaly_stress,1.12,-0.9544197351903579,-0.8101145236183105,-0.14430521157204748,0.0,0
anomaly_stress,1.125,-1.4869150232581383,-1.414213562373091,-0.07270146088504746,0.0,0
anomaly_stress,1.13,-1.7844552449660092,-1.961219998002388,0.17676475303637906,0.0,0
anomaly_stress,1.135,-2.791353397070891,-2.439859341049214,-0.3514940560216768,0.0,0
anomaly_stress,1.14,-2.721164335224892,-2.8407187169771753,0.11955438175228289,0.0,0
anomaly_stress,1.145,-3.271659413538444,-3.1564575811109865,-0.11520183242745735,0.0,0
anomaly_stress,1.15,-3.4334043601886806,-3.3819660112501,-0.051438348938580174,0.0,0
anomaly_stress,1.155,-3.7264933162637424,-3.5144668795874647,-0.21202643667627755,0.0,0
anomaly_stress,1.16,-3.906245928065137,-3.553559598052,-0.35268633001313693,0.0,0
anomaly_stress,1.165,-3.4159624962125137,-3.501204578597218,0.08524208238470427,0.0,0
anomaly_stress,1.17,-3.3460719172222175,-3.36164901655843,0.01557709933621272,0.0,0
anomaly_stress,1.175,-2.98882683156566,-3.1412960548266486,0.15246922326098888,0.0,0
anomaly_stress,1.18,-2.6345434868459496,-2.848520783499614,0.213977296653664,0.0,0
anomaly_stress,1.185,-2.1726198922657627,-2.4934378394487573,0.3208179471829947,0.0,0
anomaly_stress,1.19,-2.1183324208476733,-2.0876265606299413,-0.030705860217731917,0.0,0
anomaly_stress,1.195,-1.5360938480746187,-1.643820691661678,0.1077268435870593,0.0,0
anomaly_stress,1.2,-1.410075410681098,-1.1755705045849507,-0.23450490609614738,0.0,0
anomaly_stress,1.205,-0.6248904387260582,-0.6968858704863832,0.071995431760325,0.0,0
anomaly_stress,1.21,-0.24470587526408516,-0.22186927734302953,-0.022836597921055635,0.0,0
anomaly_stress,1.215,0.33970016794282476,0.2356519742068115,0.10404819373601325,0.0,0
anomaly_stress,1.22,0.5439227784260054,0.6624851581658493,-0.11856237973984385,0.0,0
anomaly_stress,1.225,0.7783483448933843,1.046414076369461,-0.26806573147607654,0.0,0
anomaly_stress,1.23,1.0756900666127707,1.3765150057232793,-0.30082493911050856,0.0,0
anomaly_stress,1.235,1.6840242256903468,1.6434387253995935,0.04058550029075345,0.0,0
anomaly_stress,1.24,1.6571178414495717,1.8396515637232356,-0.18253372227366393,0.0,0
anomaly_stress,1.245,1.9762292772018408,1.9596294331743906,0.01659984402745014,0.0,0
anomaly_stress,1.25,2.121923194528074,2.0,0.12192319452807379,0.0,0
anomaly_stress,1.255,1.7958941958377386,1.9596294331743944,-0.16373523733665574,0.0,0
anomaly_stress,1.26,2.06665180699284,1.8396515637232345,0.22700024326960566,0.0,0
anomaly_stress,1.265,2.0821199777559034,1.6434387253995917,0.43868125235631156,0.0,0
anomaly_stress,1.27,1.6014869839092185,1.3765150057232935,0.22497197818592485,0.0,0
anomaly_stress,1.275,0.7549575256159091,1.046414076369458,-0.29145655075354887,0.0,0
anomaly_stress,1.28,0.48625890962583174,0.6624851581658686,-0.17622624854003688,0.0,0
anomaly_stress,1.285,0.03403297240251088,0.2356519742068075,-0.20161900180429662,0.0,0
anomaly_stress,1.29,-0.14458422076380803,-0.22186927734303397,0.07728505657922594,0.0,0
anomaly_stress,1.295,-0.6372726101250838,-0.6968858704863597,0.05961326036127588,0.0,0
anomaly_stress,1.3,-1.265701600263066,-1.1755705045849556,-0.09013109567811046,0.0,0
anomaly_stress,1.305,-1.5952077770899737,-1.643820691661655,0.04861291457168111,0.0,0
anomaly_stress,1.31,-1.634216276163481,-2.0876265606299196,0.45341028446643855,0.0,0
anomaly_stress,1.315,-2.4970253941707594,-2.4934378394487626,-0.0035875547219967885,0.0,0
anomaly_stress,1.32,-2.5774843957359033,-2.848520783499596,0.27103638776369293,0.0,0
anomaly_stress,1.325,-3.0975230381569188,-3.1412960548266535,0.04377301666973459,0.0,0
anomaly_stress,1.33,-3.3531049324992166,-3.3616490165584176,0.00854408405920104,0.0,0
anomaly_stress,1.335,-3.418862055241627,-3.5012045785972097,0.08234252335558274,0.0,0
anomaly_stress,1.34,-3.5810273441597196,-3.5535595980520047,-0.027467746107715033,0.0,0
anomaly_stress,1.345,-3.6079342009026547,-3.5144668795874643,-0.09346732131519052,0.0,0
anomaly_stress,1.35,-3.267440242643523,-3.3819660112501038,0.11452576860658042,0.0,0
anomaly_stress,1.355,-3.0183490699494437,-3.156457581110994,0.13810851116155015,0.0,0
anomaly_stress,1.36,-2.9921121344676913,-2.8407187169771864,-0.15139341749050494,0.0,0
anomaly_stress,1.365,-2.277276490275727,-2.4398593410492158,0.16258285077348875,0.0,0
anomaly_stress,1.37,-1.592302038034565,-1.9612199980024065,0.36891795996784166,0.0,0
anomaly_stress,1.375,-1.4841483531105384,-1.4142135623730923,-0.06993479073744613,0.0,0
anomaly_stress,1.38,-0.4993971699021399,-0.810114523618334,0.31071735371619413,0.0,0
anomaly_stress,1.385,-0.19371257159018426,-0.16180085040908043,-0.03191172118110384,0.0,0
anomaly_stress,1.39,0.5300466803201545,0.5165453825879209,0.013501297732233476,0.0,0
anomaly_stress,1.395,1.162041073996311,1.2097713912070267,-0.04773031721071579,0.0,0
anomaly_stress,1.4,1.9403248339679398,1.9021130325902997,0.03821180137764007,0.0,0
anomaly_stress,1.405,2.801259445299892,2.577571384038415,0.22368806126147708,0.0,0
anomaly_stress,1.41,3.445850693078916,3.2202973801287182,0.2255533129501977,0.0,0
anomaly_stress,1.415,3.669086096709328,3.8149751196896533,-0.14588902298032505,0.0,0
anomaly_stress,1.42,4.324620842587454,4.347194466026419,-0.02257362343896485,0.0,0
anomaly_stress,1.425,4.805296978424065,4.803803805936473,0.0014931724875914655,0.0,0
anomaly_stress,1.43,5.43289136231449,5.173234299757044,0.259657062557446,0.0,0
anomaly_stress,1.435,5.423405226834991,5.445787634661917,-0.022382407826926177,0.0,0
anomaly_stress,1.44,5.69645224851075,5.613880170112653,0.08257207839809642,0.0,0
anomaly_stress,1.445,5.485321112430878,5.6722374163884375,-0.18691630395756,0.0,0
anomaly_stress,1.45,5.5980636252270255,5.6180339887498985,-0.019970363522872958,0.0,0
anomaly_stress,1.455,5.267627078589039,5.450975501641467,-0.1833484230524272,0.0,0
anomaly_stress,1.46,5.269649468573786,5.173320277037998,0.09632919153578784,0.0,0
anomaly_stress,1.465,5.034562689798393,4.789840204059418,0.2447224857389747,0.0,0
anomaly_stress,1.47,4.532083313383498,4.3077215674577936,0.22436174592570454,0.0,0
anomaly_stress,1.475,3.6162750326879585,3.7364081242252714,-0.12013309153731289,0.0,0
anomaly_stress,1.48,3.087081072418835,3.087390114539259,-0.00030904212042415224,0.0,0
anomaly_stress,1.485,2.3778658157528456,2.373944211036645,0.003921604716200733,0.0,0
anomaly_stress,1.49,1.3033150828772446,1.610830606671239,-0.3075155237939944,0.0,0
anomaly_stress,1.495,0.34677352927682514,0.8139544867979464,-0.4671809575211212,0.0,0
anomaly_stress,1.5,-0.2185803534040409,2.3763099748551358e-14,-0.21858035340406465,0.0,0
anomaly_stress,1.505,-0.37392715853395275,-0.8139544867979276,0.44002732826397484,0.0,0
anomaly_stress,1.51,-1.4551316042647309,-1.6108306066712208,0.15569900240649004,0.0,0
anomaly_stress,1.515,-2.6262513697573784,-2.373944211036627,-0.25230715872075127,0.0,0
anomaly_stress,1.52,-3.029425297463727,-3.087390114539243,0.05796481707551635,0.0,0
anomaly_stress,1.525,-3.6688370274819,-3.736408124225257,0.06757109674335703,0.0,0
anomaly_stress,1.53,-4.480730217434009,-4.307721567457781,-0.17300864997622745,0.0,0
anomaly_stress,1.535,-4.854424569328714,-4.789840204059408,-0.06458436526930544,0.0,0
anomaly_stress,1.54,-4.93879696926505,-5.173320277037991,0.23452330777294073,0.0,0
anomaly_stress,1.545,-5.673731350309687,-5.450975501641461,-0.2227558486682261,0.0,0
anomaly_stress,1.55,-5.669559886806821,-5.618033988749896,-0.051525898056925715,0.0,0
anomaly_stress,1.555,-6.009442227537065,-5.672237416388438,-0.33720481114862616,0.0,0
anomaly_stress,1.56,-5.8544989090267086,-5.6138801701126555,-0.24061873891405272,0.0,0
anomaly_stress,1.565,-5.187162640219444,-5.445787634661922,0.25862499444247805,0.0,0
anomaly_stress,1.57,-5.335692993356952,-5.173234299757051,-0.1624586935999009,0.0,0
anomaly_stress,1.575,-5.015112227133669,-4.803803805936483,-0.21130842119718612,0.0,0
anomaly_stress,1.58,-4.414496218879475,-4.347194466026431,-0.06730175285304459,0.0,0
anomaly_stress,1.585,-4.07486131456231,-3.8149751196896666,-0.25988619487264336,0.0,0
anomaly_stress,1.59,-3.399720819347261,-3.2202973801287325,-0.17942343921852846,0.0,0
anomaly_stress,1.595,-2.8266916012390597,-2.5775713840384302,-0.24912021720062968,0.0,0
anomaly_stress,1.6,-2.08277637172757,-1.9021130325903157,-0.18066333913725413,0.0,0
anomaly_stress,1.605,-1.3152240564059756,-1.2097713912070431,-0.10545266519893258,0.0,0
anomaly_stress,1.61,-0.31147926335919884,-0.5165453825879369,0.20506611922873808,0.0,0
anomaly_stress,1.615,0.2885881212769797,0.1618008504090649,0.1267872708679148,0.0,0
anomaly_stress,1.62,1.0273806445236706,0.8101145236183191,0.21726612090535138,0.0,0
anomaly_stress,1.625,1.2497729096067114,1.414213562373079,-0.16444065276636746,0.0,0
anomaly_stress,1.63,1.7866434123615953,1.9612199980023948,-0.1745765856407994,0.0,0
anomaly_stress,1.635,2.3946511233228356,2.439859341049206,-0.04520821772637032,0.0,0
anomaly_stress,1.64,2.7235830905928564,2.840718716977178,-0.11713562638432151,0.0,0
anomaly_stress,1.645,3.139107840337234,3.156457581110988,-0.01734974077375373,0.0,0
anomaly_stress,1.65,3.1949190336083286,3.3819660112500993,-0.18704697764177053,0.0,0
anomaly_stress,1.655,3.5605257867251936,3.514466879587462,0.04605890713773171,0.0,0
anomaly_stress,1.66,3.732449273299229,3.5535595980520047,0.1788896752472244,0.0,0
anomaly_stress,1.665,3.398432410642904,3.501204578597212,-0.1027721679543081,0.0,0
anomaly_stress,1.67,3.152655689730307,3.361649016558422,-0.20899332682811522,0.0,0
anomaly_stress,1.675,3.2573745302507664,3.1412960548266593,0.11607847542410693,0.0,0
anomaly_stress,1.68,3.0599080176834206,2.8485207834996036,0.2113872341838171,0.0,0
anomaly_stress,1.685,2.4613559593002523,2.4934378394487715,-0.032081880148519204,0.0,0
anomaly_stress,1.69,1.8339805189782898,2.0876265606299294,-0.25364604165163945,0.0,0
anomaly_stress,1.695,1.4741955904768147,1.6438206916616656,-0.16962510118485083,0.0,0
anomaly_stress,1.7,1.2708295134897074,1.1755705045849612,0.09525900890474635,0.0,0
anomaly_stress,1.705,0.769602962968911,0.6968858704863709,0.07271709248254013,0.0,0
anomaly_stress,1.71,0.10241319934280492,0.22186927734304507,-0.11945607800024015,0.0,0
anomaly_stress,1.715,-0.19691988742381322,-0.23565197420679285,0.03873208678297964,0.0,0
anomaly_stress,1.72,-0.4081508591196967,-0.6624851581658551,0.2543342990461584,0.0,0
anomaly_stress,1.725,-1.1341393347290747,-1.046414076369453,-0.08772525835962171,0.0,0
anomaly_stress,1.73,-1.6013608847883594,-1.3765150057232893,-0.22484587906507,0.0,0
anomaly_stress,1.735,-1.5595458997151008,-1.6434387253995861,0.08389282568448522,0.0,0
anomaly_stress,1.74,-2.0257133343752005,-1.839651563723231,-0.18606177065196958,0.0,0
anomaly_stress,1.745,-2.1295653468773157,-1.9596294331743918,-0.1699359137029237,0.0,0
anomaly_stress,1.75,-2.163546444793126,-2.0,-0.16354644479312608,0.0,0
anomaly_stress,1.755,-1.916385217644225,-1.9596294331743924,0.04324421553016738,0.0,0
anomaly_stress,1.76,-1.5937353211409993,-1.8396515637232378,0.24591624258223846,0.0,0
anomaly_stress,1.765,-1.4656282924100252,-1.643438725399597,0.1778104329895717,0.0,0
anomaly_stress,1.77,-1.252346261150809,-1.3765150057232867,0.12416874457247769,0.0,0
anomaly_stress,1.775,-1.1622037564396643,-1.0464140763694696,-0.11578968007019484,0.0,0
anomaly_stress,1.78,-0.6540695717556715,-0.6624851581658588,0.008415586410187359,0.0,0
anomaly_stress,1.785,-0.09992025408903218,-0.23565197420682193,0.13573172011778975,0.0,0
anomaly_stress,1.79,0.046958701033268324,0.2218692773430233,-0.17491057630975498,0.0,0
anomaly_stress,1.795,0.7948327402308184,0.6968858704863773,0.09794686974444106,0.0,0
anomaly_stress,1.8,0.6581322367342878,1.1755705045849396,-0.5174382678506518,0.0,0
anomaly_stress,1.805,1.291946472838308,1.643820691661667,-0.351874218823359,0.0,0
anomaly_stress,1.81,2.060543406042138,2.087626560629931,-0.027083154587792892,0.0,0
anomaly_stress,1.815,2.250187067873316,2.4934378394487484,-0.24325077157543282,0.0,0
anomaly_stress,1.82,2.9420025731904005,2.8485207834996134,0.09348178969078731,0.0,0
anomaly_stress,1.825,2.8428612414365135,3.1412960548266353,-0.2984348133901216,0.0,0
anomaly_stress,1.83,3.3168155007772535,3.3616490165584256,-0.04483351578117212,0.0,0
anomaly_stress,1.835,3.2676866949645302,3.501204578597216,-0.23351788363268558,0.0,0
anomaly_stress,1.84,3.4425446755041436,3.553559598052,-0.11101492254785619,0.0,0
anomaly_stress,1.845,3.601447628529351,3.5144668795874665,0.08698074894188466,0.0,0
anomaly_stress,1.85,3.3372739036237133,3.3819660112501113,-0.04469210762639815,0.0,0
anomaly_stress,1.855,3.4388206742157506,3.1564575811109865,0.2823630931047639,0.0,0
anomaly_stress,1.86,2.7711896035546792,2.8407187169771833,-0.06952911342250392,0.0,0
anomaly_stress,1.865,2.7197476832956116,2.439859341049224,0.2798883422463872,0.0,0
anomaly_stress,1.87,1.8051177344111244,1.9612199980024005,-0.15610226359127602,0.0,0
anomaly_stress,1.875,1.3664200055655902,1.414213562373105,-0.04779355680751465,0.0,0
anomaly_stress,1.88,0.846436678616248,0.8101145236183251,0.036322154997922955,0.0,0
anomaly_stress,1.885,0.340511463896986,0.16180085040906644,0.17871061348791956,0.0,0
anomaly_stress,1.89,-0.5212170966247902,-0.5165453825879083,-0.00467171403688198,0.0,0
anomaly_stress,1.895,-1.1846171985486282,-1.2097713912070382,0.02515419265840997,0.0,0
anomaly_stress,1.9,-1.6925254409343586,-1.9021130325902806,0.20958759165592192,0.0,0
anomaly_stress,1.905,-2.579482455307685,-2.5775713840383983,-0.0019110712692866018,0.0,0
anomaly_stress,1.91,-3.103438327491868,-3.220297380128729,0.11685905263686075,0.0,0
anomaly_stress,1.915,-3.9043670431268582,-3.814975119689639,-0.08939192343721913,0.0,0
anomaly_stress,1.92,-4.693030598592369,-4.347194466026428,-0.3458361325659407,0.0,0
anomaly_stress,1.925,-4.805422523314844,-4.803803805936462,-0.001618717378382506,0.0,0
anomaly_stress,1.93,-5.275675781095487,-5.173234299757036,-0.10244148133845102,0.0,0
anomaly_stress,1.935,-5.8232195528716755,-5.445787634661923,-0.37743191820975214,0.0,0
anomaly_stress,1.94,-5.401535110567788,-5.6138801701126475,0.2123450595448599,0.0,0
anomaly_stress,1.945,-5.90888757653826,-5.6722374163884375,-0.23665016014982268,0.0,0
anomaly_stress,1.95,-5.416906668594131,-5.618033988749895,0.2011273201557641,0.0,0
anomaly_stress,1.955,-5.139515672516048,-5.450975501641475,0.3114598291254275,0.0,0
anomaly_stress,1.96,-5.206292565596487,-5.173320277038001,-0.032972288558486086,0.0,0
anomaly_stress,1.965,-4.593569225423255,-4.789840204059426,0.19627097863617138,0.0,0
anomaly_stress,1.97,-4.412646119066044,-4.307721567457787,-0.10492455160825608,0.0,0
anomaly_stress,1.975,-3.6519101060861194,-3.7364081242252776,0.08449801813915805,0.0,0
anomaly_stress,1.98,-3.002662813164088,-3.0873901145392666,0.08472730137517868,0.0,0
anomaly_stress,1.985,-2.3788102519083214,-2.3739442110366413,-0.004866040871680255,0.0,0
anomaly_stress,1.99,-1.855994892654493,-1.6108306066712628,-0.24516428598323012,0.0,0
anomaly_stress,1.995,-0.9940440958854013,-0.8139544867979356,-0.1800896090874657,0.0,0
anomaly_stress,2.0,-0.010179743592216486,-1.2736326711132474e-14,-0.01017974359220375,0.0,0
